hltv_name,year,rating_ct,rating_t,adr,kast,firepower_ct,firepower_t,entrying_ct,entrying_t,trading_ct,trading_t,opening_ct,opening_t,sniping,utility,found,steamid,clutching
frozen,2025,1.19,1.15,81.0,75.0,79,72,45,34,61,73,55,40,0,63,yes,76561198068422762,75
JBa,2025,1.12,1.14,76.5,75.0,65,74,49,64,55,81,32,36,0,40,yes,76561198184153575,62
SOMEBODY,2024,0.98,1.08,75.9,70.3,53,75,38,54,39,24,41,57,4,57,yes,76561198045397601,66
FL4MUS,2024,1.07,1.15,80.4,71.4,75,81,63,48,48,36,79,81,0,45,yes,76561198014259134,42
sl3nd,2024,1.1,1.1,76.1,75.1,73,60,29,25,55,51,64,33,92,75,yes,76561198098071693,75
Wicadia,2025,1.11,1.15,80.7,71.8,85,81,52,69,32,52,70,49,4,31,yes,76561198812513923,51
max,2024,1.01,0.99,74.6,70.9,58,35,46,58,29,17,66,78,0,67,yes,76561198242950384,30
dumau,2025,1.13,1.09,80.5,73.9,83,66,48,44,39,47,79,83,0,74,yes,76561198194325317,36
yuurih,2025,1.03,1.12,75.5,76.2,41,63,38,49,50,80,27,28,0,64,yes,76561198164970560,41
nexa,2024,1.0,0.98,68.0,72.1,32,31,48,52,61,73,15,15,0,56,yes,76561197999825422,50
npl,2025,1.13,1.14,80.4,74.2,85,70,78,66,73,75,70,49,0,42,yes,76561198305036904,56
n1ssim,2025,1.0,1.05,69.4,72.7,28,39,25,26,20,42,42,25,1,39,yes,76561198061763596,56
saffee,2025,0.98,0.9,65.7,69.2,40,18,37,24,43,51,70,26,90,58,yes,76561197985565685,73
Cxzi,2025,0.99,1.09,78.2,71.8,59,69,39,67,23,35,67,73,0,68,yes,76561198171719689,30
Techno4K,2024,1.05,1.08,73.0,72.3,45,57,40,55,22,32,29,62,0,38,yes,76561198966340160,53
Staehr,2024,1.05,1.05,73.6,72.4,47,44,30,45,30,41,33,80,0,78,yes,76561198005107817,35
saffee,2024,1.02,1.02,69.0,72.4,50,33,38,40,49,66,63,30,77,62,yes,76561197985565685,65
ropz,2025,1.14,1.18,78.6,76.2,81,72,29,13,43,65,63,44,3,22,yes,76561197991272318,65
siuhy,2025,0.89,0.87,64.2,67.3,16,10,48,69,41,32,42,58,0,79,yes,76561198150673360,29
r1nkle,2024,1.05,1.04,72.4,71.3,67,53,24,23,55,65,86,51,93,53,yes,76561198294381090,72
Stewie2K,2024,0.9,0.78,64.0,68.3,33,4,79,85,12,43,62,69,15,68,yes,76561197999004010,30
volt,2024,0.99,1.01,68.7,72.6,29,35,60,58,69,77,25,26,0,49,yes,76561198155754447,41
Lucaozy,2024,1.1,1.12,82.1,73.9,81,80,48,30,58,36,71,76,0,45,yes,76561198157388473,34
jackasmo,2025,0.97,1.02,71.5,70.9,43,43,46,48,51,59,21,25,0,79,yes,76561198446445284,41
r1nkle,2025,1.13,1.14,78.9,74.3,83,78,14,26,51,84,87,49,85,52,yes,76561198294381090,63
jabbi,2025,1.06,1.02,71.5,71.3,58,41,47,51,50,34,54,42,0,47,yes,76561198120557348,42
felps,2024,1.1,1.06,81.5,71.3,85,70,58,47,36,21,83,82,1,43,yes,76561197983031494,36
NAF,2025,1.01,1.02,73.5,72.7,41,40,45,25,35,58,27,17,1,60,yes,76561198001151695,64
NertZ,2025,1.03,1.07,77.1,70.0,64,59,46,38,35,49,71,77,0,61,yes,76561198053126645,43
Jimpphat,2025,1.02,1.07,70.9,75.4,32,46,61,38,43,75,27,15,0,28,yes,76561198855375325,59
phzy,2025,1.13,1.17,77.0,73.9,81,67,28,27,46,58,77,36,88,68,yes,76561198408199043,84
F1KU,2025,1.09,1.11,76.1,74.1,65,64,65,79,41,58,50,50,0,65,yes,76561198252434500,55
fEAR,2024,1.01,1.04,73.9,74.0,48,50,60,53,59,52,47,44,0,77,yes,76561198132026180,63
latto,2025,1.17,1.19,79.1,76.2,72,77,44,45,51,65,40,34,0,75,yes,76561198850020186,51
SHOCK--,2024,1.05,1.13,73.4,71.7,42,61,22,36,17,41,42,40,3,44,yes,76561198169560297,68
decenty,2024,1.09,1.11,77.0,73.6,69,74,39,15,67,64,41,37,2,18,yes,76561198307171910,54
Starry,2024,1.17,1.11,82.0,74.7,82,84,70,42,69,74,76,72,1,70,yes,76561198880299543,62
Qikert,2025,1.01,1.03,70.1,73.3,41,31,71,64,62,48,55,51,0,76,yes,76561198127236290,45
susp,2025,1.08,1.07,78.2,71.6,71,56,47,82,38,64,84,78,0,35,yes,76561198342718168,31
malbsMd,2025,1.02,1.1,78.1,71.0,67,63,49,85,30,56,84,86,0,59,yes,76561198080703143,33
regali,2024,1.16,1.13,75.3,75.9,79,74,30,29,76,84,73,26,92,53,yes,76561198098463229,73
MATYS,2025,1.12,1.18,80.1,73.3,81,79,77,70,59,60,55,70,0,49,yes,76561199046478501,34
jL,2024,1.11,1.16,78.5,73.9,64,78,45,57,59,53,50,70,0,47,yes,76561198176878303,64
nqz,2024,1.16,1.08,71.8,75.4,70,40,27,17,51,77,70,29,92,58,yes,76561198350342505,65
ewjerkz,2024,1.11,1.2,80.8,73.6,65,80,65,75,36,47,67,87,0,63,yes,76561198262460262,32
KRiMZ,2025,1.02,1.01,69.0,73.4,29,27,47,29,51,59,33,30,0,63,yes,76561198031651584,55
Jeorge,2025,1.12,1.17,79.6,74.9,66,78,57,76,44,62,46,55,0,70,yes,76561198353869335,58
Mercury,2025,1.06,1.03,75.2,73.9,68,43,74,64,62,61,59,33,0,64,yes,76561198108796479,46
FalleN,2024,1.02,0.96,65.3,70.2,50,21,43,39,23,52,85,24,92,61,yes,76561197960690195,56
HeavyGoD,2025,1.1,1.2,77.0,76.0,54,74,45,47,37,73,34,37,0,55,yes,76561198068002993,70
rain,2024,1.04,1.05,75.3,71.4,50,52,52,62,31,45,55,75,0,53,yes,76561197997351207,42
drop,2025,1.07,1.05,76.0,75.4,62,45,67,80,60,61,51,31,0,67,yes,76561198388056582,48
Moseyuh,2025,1.1,1.11,77.3,75.1,72,60,67,70,61,58,50,57,0,31,yes,76561198355197522,52
rigoN,2024,0.99,1.02,75.8,69.9,57,67,55,75,47,44,41,77,3,25,yes,76561198172837021,38
Norwi-,2024,1.03,1.01,70.3,72.8,42,37,64,54,54,41,30,50,1,52,yes,76561198154904607,45
KSCERATO,2025,1.19,1.21,82.0,76.4,81,76,39,36,60,43,38,62,0,85,yes,76561198058500492,64
xertioN,2024,1.13,1.11,81.7,72.2,81,72,59,57,53,22,70,83,0,62,yes,76561198193174134,41
iM,2025,1.11,1.07,78.5,73.7,82,50,75,45,71,41,69,58,0,44,yes,76561198050250233,43
Queenix,2024,1.03,0.99,68.2,71.5,32,30,55,44,45,48,26,32,0,70,yes,76561198030545997,65
riskyb0b,2024,1.01,1.06,75.0,74.1,43,57,75,74,71,50,48,54,2,61,yes,76561198889240025,37
drop,2024,0.98,1.06,70.6,74.1,27,49,53,86,46,41,39,64,0,40,yes,76561198388056582,54
w0nderful,2025,1.08,1.14,71.7,73.5,59,56,29,17,50,78,70,33,91,54,yes,76561199063068840,76
hades,2025,1.05,1.1,73.5,72.0,72,65,23,17,33,48,82,37,92,56,yes,76561198050922008,81
acoR,2024,1.05,1.04,71.1,71.6,66,43,34,27,56,64,67,37,92,71,yes,76561198002942763,61
Tauson,2025,1.02,1.04,72.4,72.7,41,51,44,42,34,73,49,49,0,37,yes,76561198316706174,70
FalleN,2025,0.96,0.92,62.6,70.7,24,11,55,58,33,41,34,28,23,72,yes,76561197960690195,43
910,2024,1.06,1.08,71.3,72.5,65,52,16,31,41,54,73,45,92,34,yes,76561199203563345,64
cadiaN,2025,0.87,0.84,64.1,69.3,15,8,48,43,31,29,55,30,14,92,yes,76561198004115516,42
YEKINDAR,2025,1.06,1.12,80.5,72.3,77,58,57,39,27,12,89,88,0,67,yes,76561198134401925,36
electroNic,2024,1.05,1.04,78.4,73.1,70,63,82,58,67,58,57,53,0,69,yes,76561198044045107,27
Chr1zN,2025,1.04,1.03,75.0,70.3,61,40,55,51,36,24,65,63,0,82,yes,76561198292598811,49
SLIGHT,2024,1.0,0.94,68.2,69.7,50,30,37,22,40,45,81,41,92,68,yes,76561198153580037,77
Magisk,2025,0.96,1.0,69.4,72.2,31,29,30,42,45,63,35,30,1,62,yes,76561197983956651,46
story,2025,1.06,1.12,73.3,72.2,64,54,41,24,32,47,92,35,92,68,yes,76561198065448360,61
TRAVIS,2024,1.07,1.1,74.4,71.6,52,57,32,49,49,63,35,48,0,60,yes,76561198362970723,67
EliGE,2025,1.06,1.14,80.4,71.6,70,78,40,48,60,58,76,81,0,65,yes,76561198066693739,32
Attacker,2025,0.93,0.92,66.7,73.1,19,23,74,92,47,61,39,47,0,27,yes,76561198048266764,35
try,2025,1.28,1.2,82.1,76.0,97,75,21,12,44,50,94,66,93,59,yes,76561198365118288,76
SunPayus,2025,1.14,1.04,70.7,74.8,68,28,19,44,44,53,68,37,92,60,yes,76561198309839541,75
Lucky,2025,1.04,1.01,73.5,72.9,47,39,60,58,77,65,26,34,1,67,yes,76561198031890115,51
dumau,2024,1.16,1.21,84.6,74.9,85,92,37,36,46,58,71,87,0,74,yes,76561198194325317,54
malbsMd,2024,1.18,1.25,85.2,74.3,89,92,79,70,53,42,89,92,0,50,yes,76561198080703143,39
1eeR,2024,1.0,1.0,72.5,72.5,40,37,84,64,62,47,51,38,0,79,yes,76561198837117408,51
Wicadia,2024,1.08,1.06,76.5,72.4,69,68,42,67,38,66,58,68,1,33,yes,76561198812513923,38
jks,2025,1.06,0.95,70.5,73.3,60,21,37,40,50,42,49,25,0,72,yes,76561197977105184,46
mantuu,2024,1.06,1.06,72.4,73.7,62,55,32,23,67,83,60,30,91,64,yes,76561198016432560,73
device,2024,1.09,1.03,73.9,72.1,72,43,21,15,19,39,79,32,90,75,yes,76561197987713664,62
motm,2024,1.01,1.06,74.5,72.2,46,63,57,69,60,57,60,68,0,57,yes,76561198020474058,41
mir,2024,0.95,0.9,66.5,71.9,39,17,88,38,78,51,31,36,0,67,yes,76561198000827804,50
Techno4K,2025,0.95,1.0,68.8,69.6,25,35,37,58,18,40,34,45,0,48,yes,76561198966340160,56
insani,2025,1.11,1.16,82.8,71.8,85,76,48,73,73,37,73,88,0,49,yes,76561198061423730,38
w0nderful,2024,1.12,1.13,72.9,74.8,63,55,39,28,42,70,71,40,89,51,yes,76561199063068840,62
Xant3r,2024,1.12,1.17,80.6,72.7,59,82,44,44,50,41,41,85,0,71,yes,76561198839305865,49
biguzera,2024,1.12,1.09,78.2,72.3,67,56,49,59,29,16,71,82,1,94,yes,76561198015308884,54
lux,2024,1.08,1.07,77.4,73.2,55,56,58,70,40,48,55,70,2,58,yes,76561198074017668,45
Kvem,2025,1.12,1.15,84.9,73.0,88,85,67,53,56,50,84,82,4,37,yes,76561198845436666,36
juanflatroo,2024,1.01,1.09,80.1,71.5,67,82,70,73,75,60,55,63,0,37,yes,76561198095793955,36
Snax,2025,0.87,0.9,63.2,71.1,8,10,34,66,35,27,17,52,3,83,yes,76561197982141573,39
cadiaN,2024,1.01,0.86,65.2,72.8,40,7,56,40,32,35,70,32,86,92,yes,76561198004115516,67
exit,2025,0.93,1.01,67.1,72.7,23,33,49,42,65,78,19,20,0,66,yes,76561198010496342,66
dgt,2025,0.98,1.07,73.5,71.3,46,57,13,12,53,50,60,55,0,26,yes,76561198216891576,56
nqz,2025,1.12,1.04,72.2,72.8,67,39,23,9,43,62,75,27,92,62,yes,76561198350342505,75
JT,2025,1.07,0.98,73.9,71.8,59,29,84,47,45,36,58,56,0,86,yes,76561198021715100,43
AZUWU,2025,1.04,0.99,75.1,71.8,68,37,81,67,77,54,66,57,0,40,yes,76561198974494129,40
nota,2025,1.0,1.11,74.2,74.6,51,64,82,79,78,72,54,70,0,53,yes,76561198975070027,49
Spinx,2025,1.08,1.14,78.3,74.3,70,71,58,52,53,79,52,42,0,34,yes,76561198063336407,44
isak,2024,0.99,0.95,71.6,70.8,49,22,40,47,41,49,42,31,0,39,yes,76561198071910365,46
C4LLM3SU3,2025,0.96,1.04,70.0,72.1,23,49,58,59,55,61,17,29,1,37,yes,76561198416388144,72
ICY,2025,0.99,1.03,64.0,72.7,33,31,41,31,54,86,54,28,91,56,yes,76561198055109028,87
FL1T,2024,1.02,1.04,78.0,73.1,59,55,33,28,50,32,67,74,0,67,yes,76561197995817501,47
Krimbo,2025,1.09,1.0,71.7,73.3,52,30,31,20,48,43,32,27,2,59,yes,76561198170631091,74
Grim,2025,1.08,1.16,82.5,74.4,78,88,63,78,62,65,61,65,0,41,yes,76561198191236195,42
hallzerk,2024,1.1,1.0,70.7,71.8,65,29,45,32,61,70,79,30,87,62,yes,76561198060367310,77
sense,2024,0.86,0.96,67.7,69.4,15,32,57,44,57,35,26,49,0,33,yes,76561198192927541,43
Jee,2025,1.12,1.05,73.3,74.0,80,50,26,35,65,82,60,26,91,68,yes,76561198360407641,74
molodoy,2025,1.16,1.19,77.8,73.6,87,75,24,12,23,42,88,62,95,54,yes,76561198200982290,76
alex,2024,0.94,0.98,68.0,71.4,17,35,52,75,46,73,14,41,0,65,yes,76561198000984547,48
Aleksib,2025,0.93,0.92,61.6,72.2,8,8,59,80,47,41,25,36,0,88,yes,76561198013243326,41
yuurih,2024,1.07,1.11,78.7,74.2,59,63,26,23,44,65,47,40,0,78,yes,76561198164970560,53
coldzera,2024,1.11,1.09,76.3,73.4,69,56,45,28,48,44,51,38,9,53,yes,76561198039986599,61
-Lack1,2024,0.95,0.98,72.2,69.3,42,43,52,55,37,28,59,68,1,48,yes,76561198146202997,41
Skullz,2025,0.96,1.02,68.5,74.0,23,38,54,47,47,75,37,21,0,53,yes,76561198118646644,53
Lucaozy,2025,0.99,1.01,73.7,71.5,52,48,66,48,46,56,50,64,1,39,yes,76561198157388473,42
alex666,2025,0.97,1.08,72.6,72.8,33,57,61,58,50,64,35,34,1,62,yes,76561198304115519,64
k1to,2024,0.9,0.83,66.1,67.6,26,8,55,74,39,24,32,64,0,76,yes,76561198182462587,29
controlez,2025,1.04,1.07,77.3,70.1,74,61,17,31,31,43,78,50,25,61,yes,76561198362438171,52
ChildKing,2024,1.0,1.08,76.9,71.4,55,71,50,42,36,42,53,80,3,68,yes,76561198352656104,49
ultimate,2025,1.04,1.0,69.5,71.5,63,27,58,42,39,59,77,33,88,49,yes,76561198283989223,52
KENSI1337,2024,1.04,1.02,78.5,72.7,65,65,60,37,46,45,73,58,0,50,yes,76561198400646282,38
Mzinho,2025,1.06,1.03,72.8,71.8,56,43,45,61,33,36,42,37,1,57,yes,76561198838822582,59
westmelon,2024,0.97,1.05,74.8,71.5,44,58,80,86,59,54,57,69,0,72,yes,76561198107240040,33
m0NESY,2024,1.29,1.29,82.7,76.7,93,91,35,36,61,75,87,62,92,57,yes,76561198074762801,83
torzsi,2025,1.11,1.02,70.1,75.0,72,32,13,33,40,79,78,19,92,58,yes,76561198355739212,65
ropz,2024,1.12,1.11,75.9,74.3,70,67,17,11,38,61,69,33,3,26,yes,76561197991272318,64
xKacpersky,2025,1.15,1.15,85.2,72.4,91,82,56,50,38,23,75,84,0,34,yes,76561198362964332,35
phzy,2024,1.14,1.19,79.0,73.7,79,87,30,28,50,57,77,64,92,59,yes,76561198408199043,84
exit,2024,1.08,1.08,73.9,76.2,46,58,50,41,52,68,34,44,0,73,yes,76561198010496342,62
aliStair,2024,1.06,1.08,67.0,74.3,44,36,39,42,24,34,65,43,92,65,yes,76561198098346710,65
chelo,2024,0.94,0.98,68.6,70.4,23,39,61,80,28,23,41,83,3,46,yes,76561198067763828,29
makazze,2025,1.12,1.14,82.5,73.8,86,76,53,79,58,32,81,85,0,52,yes,76561199076189612,34
dav1deuS,2025,1.05,0.98,74.5,70.6,66,43,62,42,56,57,38,51,1,32,yes,76561198120491311,43
huNter-,2024,1.01,1.01,71.3,72.7,48,35,62,63,63,67,33,33,0,75,yes,76561198012872053,42
Shr,2025,1.06,0.91,74.0,67.5,76,27,32,40,40,26,41,46,2,32,yes,76561198026724513,21
VINI,2024,1.05,0.98,70.0,72.8,27,28,52,58,24,44,30,45,1,81,yes,76561197996370184,42
slaxz-,2025,1.23,1.14,75.9,76.3,83,62,39,18,53,54,90,49,93,74,yes,76561198064353169,72
sl3nd,2025,0.97,1.03,69.7,73.4,40,28,41,47,36,67,61,26,86,76,yes,76561198098071693,61
ultimate,2024,1.04,1.12,75.2,71.8,69,70,28,28,35,57,86,62,91,40,yes,76561198283989223,60
Sonic,2025,1.0,1.03,76.8,69.5,63,39,29,47,59,66,67,48,1,76,yes,76561197975129851,34
mezii,2025,1.08,1.08,69.8,75.5,45,41,58,82,52,91,32,34,0,54,yes,76561197973140692,61
apEX,2024,0.96,0.9,69.0,71.2,34,13,48,60,32,28,43,38,0,94,yes,76561197989744167,35
jcobbb,2025,1.05,1.12,78.1,72.5,66,67,73,72,66,71,73,69,0,25,yes,76561198178737429,30
hyped,2025,0.99,0.96,67.5,70.0,57,36,38,36,47,69,79,36,94,51,yes,76561198139604328,56
Calyx,2024,1.03,1.02,69.5,72.4,38,35,36,22,28,66,23,32,0,46,yes,76561198052546265,60
REZ,2024,1.11,1.02,77.9,71.2,79,52,59,44,55,42,58,60,0,60,yes,76561198034172415,49
Grim,2024,1.03,1.02,73.8,72.5,48,52,70,78,71,47,35,30,0,50,yes,76561198191236195,41
JACKZ,2024,1.07,1.04,74.6,71.8,53,59,29,61,42,51,36,49,4,36,yes,76561197972242917,48
noway,2024,1.07,1.04,74.1,73.6,57,47,68,72,46,48,55,58,0,47,yes,76561198800209567,32
n0rb3r7,2024,1.0,0.99,68.6,71.1,29,32,49,76,31,29,33,51,0,60,yes,76561198222442504,43
jabbi,2024,1.07,1.1,73.0,72.3,63,58,72,47,51,34,54,60,0,61,yes,76561198120557348,54
Jimpphat,2024,1.2,1.14,76.5,76.7,66,71,40,44,68,73,28,25,0,42,yes,76561198855375325,78
nitr0,2025,1.06,1.03,70.7,74.4,43,32,53,84,54,60,27,33,0,81,yes,76561197995889730,58
maxster,2024,1.06,1.11,76.0,73.8,59,70,69,44,62,52,39,46,0,40,yes,76561199132217533,57
MAJ3R,2025,0.91,0.85,61.2,69.6,9,4,42,47,30,32,20,23,1,88,yes,76561197967432889,60
kensizor,2025,1.02,1.03,76.7,71.5,65,56,87,94,54,42,75,84,0,27,yes,76561198382173659,33
HooXi,2025,0.94,0.92,66.0,69.1,28,13,38,86,23,36,37,41,2,85,yes,76561197998926770,43
regali,2025,1.12,1.09,73.5,73.3,76,67,31,21,70,81,54,23,91,57,yes,76561198098463229,73
YEKINDAR,2024,1.0,0.98,72.8,70.9,49,36,38,54,27,17,83,81,0,57,yes,76561198134401925,31
Jee,2024,1.13,1.1,71.6,76.9,65,49,68,51,70,88,68,25,91,60,yes,76561198360407641,41
Aleksib,2024,0.91,0.93,62.1,72.2,6,9,39,69,34,35,24,37,0,91,yes,76561198013243326,44
fEAR,2025,0.9,0.88,64.6,71.6,21,8,80,73,38,50,38,23,0,75,yes,76561198132026180,31
Patti,2024,1.0,0.93,71.6,71.8,44,25,68,88,70,71,37,67,0,74,yes,76561198019990506,42
STYKO,2024,1.05,0.92,71.0,70.6,45,25,47,40,20,18,29,24,1,66,yes,76561198016194159,46
EmiliaQAQ,2024,1.05,1.08,75.1,72.0,58,61,72,72,69,37,45,78,0,54,yes,76561198816731401,48
device,2025,1.09,1.05,76.0,72.0,74,53,25,14,31,50,83,41,91,62,yes,76561197987713664,60
Liazz,2025,1.02,1.07,70.3,73.6,24,46,57,48,56,69,29,29,0,69,yes,76561198072321716,67
mezii,2024,1.05,1.02,68.0,74.9,34,24,40,89,53,69,23,33,0,42,yes,76561197973140692,54
broky,2024,1.11,1.06,73.1,75.7,70,54,39,59,57,82,49,28,87,63,yes,76561198201620490,73
s1n,2024,1.07,1.07,75.2,75.0,50,56,49,53,76,74,31,30,0,94,yes,76561198190463461,52
Skullz,2024,1.0,1.0,68.9,72.8,41,33,43,30,59,55,43,33,0,46,yes,76561198118646644,44
INS,2024,1.27,1.2,87.6,75.5,91,90,56,45,51,33,62,71,1,93,yes,76561197987212623,51
Kursy,2025,1.03,1.11,74.2,72.1,69,77,25,20,65,75,81,42,86,49,yes,76561198350606449,79
REZ,2025,1.09,1.13,78.4,73.4,75,63,51,69,59,66,67,73,0,64,yes,76561198034172415,40
sinnopsyy,2024,0.98,1.02,76.3,69.5,46,54,62,31,40,23,60,69,0,88,yes,76561198165327895,54
woxic,2025,1.09,1.04,71.0,73.6,60,46,30,13,57,74,73,28,93,53,yes,76561198083485506,78
khaN,2024,1.02,1.07,68.7,72.5,53,52,45,27,68,61,45,44,92,61,yes,76561198951467648,75
iM,2024,1.05,1.08,79.3,70.5,78,61,48,33,43,31,71,75,0,52,yes,76561198050250233,39
910,2025,1.05,1.04,72.0,71.3,69,44,23,19,34,50,79,50,92,50,yes,76561199203563345,64
HexT,2025,1.18,1.13,73.9,74.8,61,64,62,73,52,55,27,54,0,54,yes,76561198210934463,58
Mzinho,2024,1.05,1.08,73.2,72.2,50,53,47,64,32,40,35,43,0,52,yes,76561198838822582,42
F1KU,2024,1.02,1.02,71.7,71.0,36,44,67,40,61,63,29,35,0,57,yes,76561198252434500,54
kaze,2024,1.12,1.06,68.8,75.0,60,34,30,23,61,68,46,22,91,67,yes,76561197976393269,92
roman,2024,0.97,0.96,69.5,70.9,38,24,39,42,63,39,44,34,0,67,yes,76561197994395491,44
nettik,2025,1.09,1.06,78.6,71.6,74,53,61,62,77,65,71,73,2,75,yes,76561198332845251,48
snow,2024,1.1,1.05,73.1,74.5,55,44,33,53,56,61,42,48,0,37,yes,76561198377335846,63
chelo,2025,0.96,0.99,70.2,69.9,40,35,72,76,41,30,59,73,0,55,yes,76561198067763828,44
Twistzz,2025,1.2,1.13,80.1,75.3,87,62,75,67,86,76,50,38,0,70,yes,76561198016255205,57
JT,2024,0.95,0.92,68.3,70.6,25,22,71,77,57,46,42,64,0,71,yes,76561198021715100,28
br0,2025,1.11,1.18,81.8,74.2,78,83,67,56,50,61,75,66,1,75,yes,76561198060483793,46
horvy,2024,0.57,0.57,47.6,52.2,0,1,30,15,13,27,43,1,0,49,yes,76561197971316261,22
nawwk,2024,1.01,1.07,68.0,73.4,42,47,14,15,45,64,50,25,89,35,yes,76561198153651861,87
TeSeS,2025,0.98,1.06,69.2,71.9,30,37,57,73,47,59,31,50,0,48,yes,76561197996678278,50
XANTARES,2025,1.16,1.17,85.2,73.8,88,85,50,60,45,51,87,89,0,52,yes,76561198044118796,41
rain,2025,0.99,1.08,74.7,72.0,45,54,55,58,38,45,45,54,0,49,yes,76561197997351207,35
FL1T,2025,1.13,1.01,80.3,73.5,86,41,59,39,63,55,80,53,0,71,yes,76561197995817501,48
jks,2024,1.09,0.99,71.6,74.0,46,39,49,43,56,65,24,26,0,57,yes,76561197977105184,44
ewjerkz,2025,1.05,1.1,74.8,72.5,52,51,53,62,28,38,44,76,0,65,yes,76561198262460262,43
prosus,2024,0.97,0.99,71.0,70.5,37,45,71,74,42,42,58,79,0,37,yes,76561198178801031,25
jambo,2024,1.12,1.14,78.0,74.1,78,75,36,37,42,53,88,78,89,53,yes,76561198800253526,74
PR,2025,1.1,1.13,80.9,72.7,71,74,44,39,46,39,68,65,0,35,yes,76561198310561479,55
JamYoung,2025,1.13,1.22,81.7,74.0,69,92,57,57,37,65,70,82,0,64,yes,76561198364937038,65
Starry,2025,1.11,1.06,79.5,73.4,71,67,59,56,52,60,79,61,0,72,yes,76561198880299543,34
L1haNg,2024,1.08,1.07,81.8,72.1,68,69,49,47,63,71,69,62,0,67,yes,76561199016206318,37
stavn,2024,1.12,1.03,81.4,71.7,82,63,39,40,54,63,72,41,2,76,yes,76561198022365638,37
syrsoN,2024,1.0,0.95,67.4,70.6,47,35,36,27,53,50,74,34,93,41,yes,76561197980122997,55
ZywOo,2025,1.31,1.33,87.1,77.5,97,94,42,55,39,81,84,70,85,64,yes,76561198113666193,67
SENER1,2024,0.99,0.93,68.8,72.4,33,15,69,85,67,56,33,29,0,82,yes,76561198152378187,63
kauez,2025,1.0,0.99,71.8,71.9,51,36,71,63,29,43,63,75,0,39,yes,76561198385657675,34
jackasmo,2024,1.08,1.12,78.1,73.3,65,77,53,34,66,71,36,36,0,68,yes,76561198446445284,51
broky,2025,1.06,1.01,70.8,75.0,62,43,49,53,59,75,68,25,91,67,yes,76561198201620490,79
ag1l,2025,1.06,1.05,73.4,73.1,53,52,59,34,52,61,23,34,0,49,yes,76561198186878873,66
kyousuke,2025,1.24,1.25,90.0,74.6,98,96,69,77,79,76,79,86,1,24,yes,76561199032006224,27
INS,2025,1.0,0.93,72.4,69.5,37,29,64,43,40,47,47,28,1,95,yes,76561197987212623,41
dgt,2024,1.06,1.16,80.2,74.3,72,80,36,10,60,51,72,54,0,33,yes,76561198216891576,49
z4KR,2024,1.08,1.15,74.6,73.6,51,72,67,77,61,68,63,50,69,56,yes,76561198137783463,59
fame,2024,1.01,1.1,70.4,73.5,40,45,73,63,60,67,50,59,0,52,yes,76561198080114546,54
NAF,2024,1.16,1.13,80.7,76.7,72,77,43,40,46,70,31,33,2,74,yes,76561198001151695,50
bodyy,2025,1.04,1.03,76.8,71.0,60,48,46,67,30,61,72,75,0,71,yes,76561198013295375,38
HooXi,2024,0.89,0.85,60.6,70.8,12,4,76,86,27,15,44,73,0,84,yes,76561197998926770,22
Nodios,2024,1.01,1.03,71.2,71.8,38,39,63,44,54,62,37,36,0,79,yes,76561198070876270,67
s1n,2025,1.04,1.08,71.3,74.8,32,43,71,40,70,64,27,23,0,92,yes,76561198190463461,57
Jame,2024,1.06,0.98,65.8,74.2,52,23,18,9,41,47,67,33,93,70,yes,76561198036125584,74
Perfecto,2025,1.02,1.05,71.3,73.4,37,42,48,32,53,64,15,20,0,69,yes,76561198121220486,57
Brollan,2025,0.98,0.91,67.2,70.7,32,13,63,76,47,40,43,56,0,79,yes,76561198138828475,36
Keoz,2024,0.99,0.94,67.6,70.8,28,23,66,70,34,34,31,34,1,44,yes,76561198098344244,41
beastik1,2024,0.97,0.98,66.9,70.4,24,26,38,68,30,35,24,44,0,53,yes,76561198033438750,51
nicx,2025,1.03,0.96,65.8,70.9,34,20,39,56,47,43,20,25,0,29,yes,76561198410085211,55
oskar,2024,1.06,1.11,77.1,70.5,70,81,11,7,37,36,68,49,93,67,yes,76561198131690816,82
NiKo,2025,1.14,1.14,81.4,73.2,85,66,38,30,68,46,79,74,0,75,yes,76561198041683378,59
tabseN,2025,1.04,0.94,74.1,70.0,51,24,50,67,43,35,55,44,1,92,yes,76561197961491680,44
oSee,2025,1.17,1.1,76.3,74.4,81,56,30,30,42,58,87,37,90,60,yes,76561198047472534,46
bLitz,2024,1.1,1.1,80.4,73.3,72,63,40,31,31,44,72,39,1,94,yes,76561198959824088,50
ztr,2025,0.93,0.85,64.2,68.5,27,7,61,80,45,42,20,24,0,88,yes,76561199009468655,61
Swisher,2025,1.12,1.09,76.1,75.1,68,50,81,52,73,66,58,37,0,79,yes,76561198183003671,44
dexter,2025,1.06,0.91,76.5,67.9,80,31,74,32,59,16,77,67,2,87,yes,76561198061801241,30
Jame,2025,1.15,1.15,75.1,75.6,75,62,24,7,64,42,83,46,94,55,yes,76561198036125584,88
Snax,2024,0.94,0.92,66.6,71.1,15,20,46,49,37,35,23,42,2,72,yes,76561197982141573,52
BELCHONOKK,2025,1.07,1.13,78.3,74.3,67,70,86,74,42,55,59,62,0,36,yes,76561198253670517,43
blameF,2024,1.17,1.14,83.0,76.2,84,80,34,9,74,54,67,71,0,60,yes,76561198028458803,59
Forester,2024,1.02,1.03,76.2,71.6,54,56,57,42,55,26,61,75,0,47,yes,76561198027348753,34
JBa,2024,1.15,1.12,76.2,75.5,67,73,65,67,77,88,36,29,0,43,yes,76561198184153575,63
MartinezSa,2024,1.16,1.08,72.8,73.9,76,54,17,21,31,51,89,46,93,47,yes,76561198370086461,70
Staehr,2025,1.04,1.11,75.5,72.6,55,61,51,64,55,70,37,68,0,73,yes,76561198005107817,49
zeRRoFIX,2024,0.94,0.97,68.5,72.4,29,35,67,85,64,66,45,43,1,32,yes,76561199121088563,37
stanislaw,2025,0.89,0.8,59.9,67.3,12,2,66,67,19,25,17,31,0,69,yes,76561197981849043,38
floppy,2024,1.02,0.95,68.9,73.4,28,20,62,49,38,61,29,40,0,34,yes,76561198306519263,57
jottAAA,2025,1.05,0.99,70.8,72.3,46,35,41,77,38,68,29,47,0,27,yes,76561198410750263,42
buda,2024,0.94,0.96,66.3,71.5,16,25,59,61,36,48,14,40,0,56,yes,76561198199343350,41
kauez,2024,1.05,1.04,72.1,71.9,53,46,28,39,25,35,64,50,0,36,yes,76561198385657675,43
arT,2024,0.99,1.05,77.1,72.1,45,58,49,59,25,25,72,79,4,78,yes,76561198043769572,29
Vexite,2024,1.11,1.15,78.4,74.9,70,79,53,45,58,56,45,60,0,70,yes,76561198052888143,38
Sonic,2024,1.07,1.09,79.0,70.5,72,67,46,56,60,67,48,47,1,73,yes,76561197975129851,47
Senzu,2025,1.09,1.14,79.5,72.1,75,76,33,35,61,64,48,60,12,53,yes,76561198920720017,51
sjuush,2025,1.12,1.17,79.1,75.3,71,76,49,58,43,52,46,68,0,66,yes,76561198160709585,41
Nexius,2024,0.98,0.97,72.2,69.4,46,37,86,83,58,37,60,77,0,54,yes,76561198170578957,28
roman,2025,0.91,0.88,66.0,68.6,24,13,37,69,29,55,27,29,0,60,yes,76561197994395491,47
electroNic,2025,0.98,0.96,71.8,70.8,48,27,81,85,55,42,26,47,0,74,yes,76561198044045107,37
r3salt,2024,1.13,1.22,82.2,73.3,78,87,46,43,50,36,57,83,0,50,yes,76561198350362302,59
Snappi,2025,0.97,0.93,70.7,71.6,39,18,43,37,32,37,48,29,1,83,yes,76561197989423065,42
gxx-,2024,0.92,0.96,65.8,69.5,28,42,38,22,44,61,54,27,91,45,yes,76561198234835452,76
jL,2025,1.04,1.11,78.2,73.0,57,69,59,40,50,37,40,63,0,66,yes,76561198176878303,62
latto,2024,1.2,1.21,81.4,77.2,78,79,63,49,59,70,48,44,0,77,yes,76561198850020186,56
karrigan,2025,0.86,0.88,62.1,68.0,12,7,42,72,25,14,30,58,0,75,yes,76561197989430253,34
MUTiRiS,2025,0.97,0.98,70.1,71.6,31,27,57,26,61,24,35,51,0,90,yes,76561197997981170,45
Ex3rcice,2025,1.02,1.03,70.4,70.9,42,50,49,43,57,71,31,34,0,50,yes,76561198168198200,66
hallzerk,2025,1.06,1.05,71.4,72.1,56,49,25,25,61,81,83,41,91,69,yes,76561198060367310,85
stanislaw,2024,1.05,0.93,70.6,70.6,48,20,64,66,39,40,34,39,0,83,yes,76561197981849043,53
flameZ,2024,1.05,1.15,74.7,75.5,48,63,64,94,40,62,66,85,0,62,yes,76561197978835160,54
torzsi,2024,1.12,1.01,71.7,72.5,75,43,39,15,40,61,75,23,91,57,yes,76561198355739212,70
MATYS,2024,1.08,1.13,79.7,72.0,74,84,68,75,70,61,68,70,0,43,yes,76561199046478501,28
Senzu,2024,1.1,1.18,80.7,72.5,72,87,25,47,31,47,55,84,11,37,yes,76561198920720017,49
Graviti,2025,0.98,0.97,69.1,70.5,53,21,62,85,63,60,57,49,0,68,yes,76561198179538505,47
Boombl4,2024,1.02,0.96,70.5,72.2,42,27,75,95,34,44,64,68,12,73,yes,76561198146207066,42
siuhy,2024,0.95,0.94,68.3,70.0,33,18,73,59,56,36,35,41,0,70,yes,76561198150673360,44
insani,2024,1.14,1.23,83.5,74.0,79,89,69,58,68,47,73,85,0,58,yes,76561198061423730,35
KSCERATO,2024,1.17,1.18,80.9,74.7,74,68,21,19,46,44,44,58,1,87,yes,76561198058500492,65
EliGE,2024,1.14,1.18,85.3,72.9,81,94,43,48,67,65,76,88,3,64,yes,76561198066693739,44
MUTiRiS,2024,1.02,0.98,69.9,72.4,39,24,50,51,50,38,38,38,0,88,yes,76561197997981170,54
apEX,2025,0.99,0.88,69.1,70.6,45,7,49,54,53,34,43,30,0,96,yes,76561197989744167,42
Djoko,2025,0.99,1.08,74.2,71.7,42,61,58,70,50,53,57,54,0,64,yes,76561198047876970,46
frozen,2024,1.12,1.17,81.0,74.5,70,77,61,49,47,76,61,38,0,64,yes,76561198068422762,58
NEKIZ,2024,0.93,0.92,68.4,69.9,32,18,71,65,38,21,58,67,0,70,yes,76561198036884160,23
XANTARES,2024,1.17,1.17,85.8,74.9,84,81,37,67,57,49,83,91,1,58,yes,76561198044118796,31
spooke,2025,1.09,1.08,79.2,73.6,71,61,79,47,51,57,67,68,0,56,yes,76561198079183361,36
noway,2025,1.02,1.1,74.1,74.0,44,64,54,82,52,77,30,48,0,47,yes,76561198800209567,35
HeavyGoD,2024,1.22,1.16,81.5,74.5,82,77,27,55,67,72,59,53,1,44,yes,76561198068002993,77
Summer,2024,1.04,0.96,72.1,70.9,44,37,31,60,50,62,27,29,0,88,yes,76561198013230247,66
Twistzz,2024,1.2,1.13,79.7,76.1,85,66,62,65,67,50,33,52,1,75,yes,76561198016255205,50
cej0t,2025,0.97,1.08,77.6,71.6,47,69,59,62,45,35,69,81,0,44,yes,76561198080449500,36
br0,2024,0.99,1.0,68.6,71.9,23,30,39,66,34,60,32,33,0,59,yes,76561198060483793,38
JDC,2025,1.13,1.1,81.2,71.4,87,65,52,65,56,47,68,72,0,39,yes,76561198078771373,36
xelex,2025,1.03,1.21,79.3,72.4,70,84,61,48,64,59,60,59,0,56,yes,76561198998266210,56
b1t,2024,1.1,1.21,78.4,74.6,68,82,41,54,30,46,64,65,0,52,yes,76561198246607476,42
Perfecto,2024,1.12,1.09,68.3,77.4,31,48,70,49,79,83,20,25,4,65,yes,76561198121220486,84
tabseN,2024,1.02,0.95,74.1,71.9,43,29,71,40,42,49,46,23,1,94,yes,76561197961491680,41
karrigan,2024,0.9,0.84,64.1,67.7,26,9,36,88,22,14,43,59,1,73,yes,76561197989430253,34
arrozdoce,2024,1.05,1.22,75.6,71.8,38,83,35,31,29,45,45,64,0,51,yes,76561197973757802,67
flameZ,2025,1.13,1.1,75.1,74.9,75,45,68,98,33,45,84,76,0,70,yes,76561197978835160,38
headtr1ck,2025,1.11,1.0,72.7,74.8,71,35,43,50,60,80,57,24,84,66,yes,76561198359519930,69
lux,2025,0.99,0.96,74.5,70.5,51,38,56,61,31,27,76,64,0,85,yes,76561198074017668,32
jambo,2025,1.1,1.13,77.0,72.6,81,67,21,34,31,38,89,62,91,55,yes,76561198800253526,57
FL4MUS,2025,0.93,1.11,72.1,71.5,34,67,48,72,50,47,40,74,2,46,yes,76561198014259134,28
NiKo,2024,1.22,1.17,82.3,73.7,88,71,42,42,60,45,78,73,1,73,yes,76561198041683378,52
Maka,2025,1.04,1.07,71.8,72.4,49,44,30,41,23,70,78,47,83,85,yes,76561198045739761,63
Spinx,2024,1.1,1.15,78.2,75.5,71,76,75,21,54,71,70,34,0,22,yes,76561198063336407,65
s-chilla,2024,1.0,1.02,70.5,72.8,29,39,66,85,47,46,27,57,0,32,yes,76561198964042711,43
Brollan,2024,1.04,1.14,76.7,72.7,56,63,66,48,42,44,62,74,0,59,yes,76561198138828475,46
KRiMZ,2024,1.06,0.98,69.2,72.9,36,25,48,33,68,48,25,23,0,72,yes,76561198031651584,51
HEN1,2024,1.15,1.07,72.5,75.1,57,36,18,11,44,44,63,33,90,75,yes,76561198018027263,83
EmiliaQAQ,2025,1.02,1.03,71.3,71.0,42,49,60,65,61,54,34,59,0,40,yes,76561198816731401,58
Krad,2024,1.04,1.02,74.5,69.9,54,40,55,51,44,44,57,49,0,81,yes,76561198031908632,50
ztr,2024,0.96,0.97,68.4,69.8,23,36,63,60,65,68,20,28,0,80,yes,76561199009468655,68
HObbit,2024,1.09,1.17,80.9,74.6,67,78,36,60,38,53,55,85,3,68,yes,76561198028292758,53
bLitz,2025,1.01,1.0,75.7,69.8,60,40,41,29,46,34,67,35,1,96,yes,76561198959824088,48
degster,2025,1.06,0.99,67.9,73.2,61,32,17,25,25,54,76,36,92,40,yes,76561198799340122,54
fame,2025,1.04,1.04,72.6,71.9,54,45,59,82,64,79,53,51,0,50,yes,76561198080114546,48
story,2024,1.03,1.07,70.7,72.7,51,44,27,28,49,54,77,47,91,70,yes,76561198065448360,72
biguzera,2025,0.96,0.99,70.9,69.9,37,25,62,50,29,23,66,59,2,90,yes,76561198015308884,46
MAJ3R,2024,0.97,0.92,65.3,71.3,20,15,35,41,30,16,30,36,3,89,yes,76561197967432889,49
bodyy,2024,0.95,0.99,71.8,71.4,24,40,77,86,18,33,59,74,0,83,yes,76561198013295375,32
esenthial,2025,1.01,1.0,68.2,73.0,34,39,53,67,67,83,35,25,1,32,yes,76561199149812353,58
ICY,2024,1.14,1.11,70.1,75.1,72,49,30,24,49,91,70,37,92,35,yes,76561198055109028,92
s1mple,2025,1.14,1.22,79.8,74.5,82,83,32,18,33,73,86,41,91,59,yes,76561198034202275,72
woxic,2024,1.1,1.03,71.1,73.0,68,39,41,38,28,56,70,36,93,53,yes,76561198083485506,69
nicoodoz,2025,1.09,1.1,76.8,73.5,77,75,41,19,71,51,82,50,68,64,yes,76561198073117127,54
kraghen,2024,1.02,1.04,76.0,72.9,57,52,64,62,53,47,68,60,0,71,yes,76561198047198945,44
susp,2024,1.01,1.08,74.7,73.1,43,62,35,62,48,52,55,81,0,40,yes,76561198342718168,56
ZywOo,2024,1.35,1.37,88.9,77.7,98,98,29,27,60,69,81,79,79,60,yes,76561198113666193,81
westmelon,2025,1.09,1.05,75.2,71.3,70,48,61,85,52,57,64,66,0,72,yes,76561198107240040,41
HUASOPEEK,2024,1.04,1.05,72.3,72.6,41,58,49,73,46,51,21,53,0,29,yes,76561198319723208,45
saadzin,2025,1.09,1.04,68.9,75.6,57,28,30,35,42,41,68,33,91,68,yes,76561198100494962,73
xiELO,2025,1.1,1.13,81.6,73.5,83,78,66,71,69,52,58,74,1,35,yes,76561198141272052,36
kl1m,2025,1.19,1.33,85.2,76.5,91,98,44,16,64,76,84,59,78,39,yes,76561198125068631,67
Krimbo,2024,1.11,1.08,74.3,73.9,55,49,27,12,47,40,32,42,1,81,yes,76561198170631091,88
--majky,2024,0.99,1.01,75.7,69.0,60,56,33,59,29,48,44,57,0,22,yes,76561198833618656,40
acoR,2025,1.04,1.0,68.8,71.2,62,33,27,36,46,61,76,36,92,63,yes,76561198002942763,63
brnz4n,2025,0.96,1.02,69.5,70.6,27,43,54,66,36,57,37,39,0,26,yes,76561198855876580,79
xertioN,2025,1.09,1.1,82.1,72.8,77,67,68,77,57,21,83,82,0,68,yes,76561198193174134,32
jkaem,2024,1.04,1.05,84.1,71.1,81,72,36,47,25,26,82,88,0,39,yes,76561198002708642,22
Tauson,2024,0.95,1.03,73.5,73.2,37,49,62,73,82,51,60,77,0,44,yes,76561198316706174,49
CacaNito,2024,1.0,1.02,76.4,70.0,55,59,41,25,45,43,47,57,0,45,yes,76561198263656468,42
kyxsan,2025,0.98,0.93,65.7,72.5,21,9,79,77,27,40,31,28,0,68,yes,76561198057282432,43
JDC,2024,1.14,1.02,78.1,71.9,81,57,30,62,67,50,69,59,1,48,yes,76561198078771373,39
dexter,2024,1.11,1.09,79.6,71.3,73,75,52,27,33,19,81,80,1,87,yes,76561198061801241,30
Liazz,2024,1.11,1.1,73.4,75.6,41,56,36,64,61,68,30,28,0,68,yes,76561198072321716,64
Buzz,2025,1.04,1.03,72.9,74.4,49,45,51,66,65,62,38,26,0,36,yes,76561198248953762,41
stavn,2025,1.07,1.07,79.2,73.7,74,54,64,45,65,72,64,39,1,79,yes,76561198022365638,51
blameF,2025,1.21,1.22,87.9,76.6,93,88,30,25,73,58,62,74,0,51,yes,76561198028458803,61
Ax1Le,2024,1.06,1.08,78.8,74.0,63,64,54,63,39,57,83,67,0,72,yes,76561198045433304,38
Lake,2025,1.21,1.14,84.6,74.6,93,75,88,89,59,34,84,87,0,55,yes,76561198337484196,31
AW,2025,1.0,1.07,72.6,73.4,39,57,49,59,70,69,27,42,0,63,yes,76561198269361539,52
snow,2025,1.02,0.93,69.2,70.8,45,19,44,52,43,41,41,34,1,54,yes,76561198377335846,51
b4rtin,2024,1.11,0.98,69.1,73.9,45,33,72,84,63,67,31,36,0,43,yes,76561198130084582,55
salazar,2024,1.01,0.97,63.8,72.4,38,18,43,28,53,64,56,21,89,68,yes,76561198102263776,78
deb0,2024,1.05,1.29,81.2,72.0,57,92,50,69,38,62,39,79,1,70,yes,76561198811869293,78
Vexite,2025,1.1,0.96,73.5,71.0,72,26,75,75,50,55,66,65,0,73,yes,76561198052888143,49
b1t,2025,1.07,1.18,77.2,74.1,66,74,53,38,44,61,61,48,0,47,yes,76561198246607476,52
VINI,2025,1.09,1.03,74.2,73.3,54,37,51,52,30,24,49,49,0,84,yes,76561197996370184,59
n1ssim,2024,1.0,1.05,71.7,70.7,31,50,25,13,20,57,34,43,0,32,yes,76561198061763596,64
kyuubii,2025,1.0,1.01,70.9,71.6,44,38,73,57,46,68,41,37,0,46,yes,76561198144926364,42
NickelBack,2024,0.97,0.81,68.2,70.1,38,7,90,78,34,33,28,31,1,83,yes,76561197962148507,40
m0NESY,2025,1.18,1.32,81.5,76.0,90,91,50,27,51,65,88,68,92,60,yes,76561198074762801,76
MoriiSko,2024,0.98,1.07,75.7,69.4,55,56,37,32,29,42,67,66,1,52,yes,76561198051727799,39
deko-_-,2024,1.18,1.11,78.1,74.9,86,66,38,21,65,55,62,25,72,61,yes,76561198287546191,68
z4KR,2025,1.16,1.09,74.5,73.0,80,55,46,21,44,56,76,38,93,62,yes,76561198137783463,80
try,2024,1.14,1.07,72.7,74.9,77,43,54,27,60,46,71,47,93,61,yes,76561198365118288,72
interz,2024,0.95,0.91,62.4,73.5,17,11,64,40,72,61,16,14,0,52,yes,76561198208074320,62
huNter-,2025,1.0,1.03,72.1,73.6,51,41,44,55,54,64,25,23,0,90,yes,76561198012872053,53
arT,2025,1.02,0.98,74.3,70.8,58,28,59,57,28,30,74,64,6,72,yes,76561198043769572,40
soulfly,2025,1.10,1.08,80.1,72.2,76,64,67,82,27,22,79,87,0,62,yes,76561198327068178,19
s1zzi,2025,0.99,1.13,74.9,69.0,80,51,21,9,60,87,95,76,93,58,yes,76561199001538362,63
piriajr,2025,1.24,1.40,92.5,75.4,98,100,43,7,38,61,91,77,8,23,yes,76561198396338183,61
Bymas,2025,1.10,1.09,75.3,75.9,57,56,62,50,71,74,33,38,0,28,yes,76561198093386355,57
hypex,2025,1.06,1.04,68.1,72.9,59,36,31,24,62,75,54,27,88,53,yes,76561198254686734,88
cobrazera,2025,1.11,1.16,77.3,71.9,66,79,34,55,29,33,35,68,2,52,yes,76561199430871803,62
luchov,2025,1.15,1.06,80.7,71.3,92,59,69,90,63,60,84,74,0,74,yes,76561198067722198,33
HUASOPEEK,2025,1.14,1.14,75.4,74.7,63,66,70,74,67,80,38,48,0,43,yes,76561198319723208,42
Gizmy,2025,0.96,0.94,68.8,70.5,37,20,81,59,33,28,57,47,1,88,yes,76561198344226986,38
meyern,2025,1.07,1.07,72.5,70.9,63,47,44,43,60,74,64,33,79,50,yes,76561198195642865,84
v$m,2025,1.30,1.29,87.9,73.1,98,91,43,26,59,56,82,84,0,67,yes,76561198011732823,37
afro,2025,1.14,1.07,74.4,71.9,84,45,28,12,40,35,89,47,94,76,yes,76561198035581101,76
zweih,2025,1.00,0.92,68.5,70.3,32,17,65,55,18,16,40,59,1,37,yes,76561198210626739,33
max,2025,0.99,1.02,72.4,74.1,35,38,85,83,45,39,59,55,0,77,yes,76561198242950384,42
Rainwaker,2025,1.13,1.11,78.4,73.6,80,54,40,41,37,44,67,37,0,41,yes,76561198138113790,64
ryu,2025,1.20,1.14,78.8,74.9,80,72,42,33,74,52,38,52,0,34,yes,76561198168401372,59
