model,set,ncols,AUC,logloss,brier,ECE,BSS,cAUC,AUC_equal_alive,AUC_post_plant,AUC_lo,AUC_hi,dAUC_vs_EB2,dAUC_vs_EB2_lo,dAUC_vs_EB2_hi,dLL_vs_EB2,dLL_vs_EB2_lo,dLL_vs_EB2_hi,dAUC_vs_A,dAUC_vs_A_lo,dAUC_vs_A_hi,dLL_vs_A,dLL_vs_A_lo,dLL_vs_A_hi,share_of_EB2
logreg,A,17,0.8465352794550847,0.46752374658783363,0.1579145975226772,0.01923907865128814,0.36073120200802045,0.5866507041947253,0.7104418817422395,0.9501829748777345,0.8398504189074811,0.8527499626629184,-0.004276128021808151,-0.005947845187750983,-0.002691885449402502,0.010014005055705441,0.008152947197942633,0.01209943179325348,,,,,,,0.9878693862456731
logreg,EB2,72,0.8507905845448528,0.45754449644324385,0.15556981352956237,0.015287589911197092,0.37022334059650086,0.5963355359982574,0.7147401912241448,0.9629758296539286,0.844003302755995,0.857041880901181,,,,,,,0.004276128021808151,0.0026918854494025007,0.0059478451877509825,-0.010014005055705441,-0.01209943179325348,-0.008152947197942633,1.0
logreg,Clock,1,0.5547848081214748,0.6814193669841676,0.2442735795804721,0.016471751781026688,0.011133359110883756,0.5476964601157315,0.5345950137304594,0.48889489904290284,0.5490191078717466,0.5600759815171502,-0.29581766707121515,-0.30500830786188055,-0.2878994608036888,0.22366264989751614,0.2144462975105544,0.23301449772150215,-0.29154153904940705,-0.30074143716264395,-0.28403928985384364,0.21364864484181068,0.20449579432167353,0.2232731935553388,0.15617525251584938
logreg,Score,4,0.5364198178358905,0.6855299936839505,0.24619912876916783,0.005530716338836633,0.003338364001864935,0.4606884786661079,0.5360440780171565,0.5371016765015781,0.5199546161743095,0.5532365978254483,-0.3140785591679245,-0.3311697550259881,-0.29575523417818095,0.22768960669295352,0.21872628611858333,0.23692932038272713,-0.30980243114611633,-0.3266761531046912,-0.2917005293687387,0.21767560163724806,0.2083795682576015,0.22705355911604386,0.10382210766330825
logreg,Money,7,0.8302466828784025,0.49824222606176705,0.16635149726489132,0.018098932704135033,0.32657700194295336,0.5360256428882548,0.6929720234048227,0.9334413328752871,0.8221239185082061,0.8378420756672468,-0.020606495551364474,-0.024743752315181174,-0.01625695751806318,0.04073999904318556,0.03494106289038767,0.04653667144476627,-0.016330367529556324,-0.020053811524398155,-0.012841805506367017,0.030725993987480115,0.025210974029131056,0.03612169608694903,0.9414354245194301
logreg,Combat,6,0.7965125627799899,0.5129269075226427,0.1765878715275343,0.019434029972985854,0.28513818138213665,0.5776046341804333,0.5714263095662934,0.9475281689326231,0.7895378826020838,0.8042916008229694,-0.05413835953667647,-0.059653395071571906,-0.04879596951877696,0.05527093879117092,0.04980596798535133,0.06124380814165165,-0.049862231514868315,-0.05537240706922442,-0.04441554672504845,0.04525693373546548,0.039932710765601696,0.05082107563418136,0.845269445201079
logreg,Spatial,9,0.7231180922355462,0.593054068406793,0.2055637316024499,0.024733072218580284,0.16783830200768524,0.538024935317816,0.5846313032271749,0.8446620991776308,0.7172214894582407,0.7291804429845921,-0.12762537454027917,-0.13375171214273313,-0.12135575413991966,0.135396609134029,0.12815500189549783,0.14306934887518646,-0.12334924651847104,-0.12969222710027994,-0.11676388343459053,0.1253826040783236,0.11731933213305436,0.13328755635086817,0.6360435600774168
logreg,SpatialT-,30,0.8008626856304467,0.5225832598958787,0.17924188396851104,0.01674546628030078,0.2743942262974567,0.5425855390843527,0.6744544859201248,0.9277899008657827,0.7933027954266464,0.8078848623857474,-0.04995767601816834,-0.055204871646917696,-0.04466929297492562,0.0650493262638854,0.05907837957973986,0.0710582400723294,-0.04568154799636019,-0.05156172404442726,-0.04072984342236412,0.055035321208179964,0.04888695642148608,0.061274883858278555,0.857670356291954
logreg,SpatialT,43,0.8177387181790015,0.5038501855493746,0.1720716984253596,0.018156554481086103,0.3034205225706157,0.557061239502172,0.6768551942178846,0.9405086656641279,0.8108351963739321,0.8240472667730913,-0.03312781395974273,-0.03722370193309239,-0.028739196825465965,0.04638028565464499,0.040972830548278674,0.051142194844912114,-0.02885168593793458,-0.03345527009710263,-0.02440678329211021,0.03636628059893954,0.030713605753020456,0.041889944720263424,0.9057789238877783
logreg,Bomb,18,0.6855049841252766,0.5906164406820984,0.21019057063923305,0.006275923817357641,0.1491079637365701,0.5403634964491388,0.5393676037442263,0.9353582752109673,0.6796661770751483,0.6913483765243131,-0.16492479595726983,-0.17181321697114746,-0.15795208236526995,0.13287555091136938,0.125084646484384,0.14068080547374331,-0.16064866793546168,-0.16817013878765047,-0.15327331221963367,0.12286154585566392,0.11463982274710634,0.1307784260181128,0.5288197354725681
logreg,NoEcon-,41,0.8063666288760071,0.5141882085166117,0.17652081958080004,0.013704168673468931,0.2854096206161547,0.549577538477199,0.676902609915741,0.9395580470685361,0.7992751053258051,0.8133587282017433,-0.04445571560897547,-0.0493938462759957,-0.03970878805711832,0.05665854405606116,0.05106368134088142,0.06248392776589147,-0.04017958758716731,-0.045537969998892765,-0.03531500885478075,0.046644539000355714,0.04080965519379635,0.052957829015342316,0.8733604673954252
logreg,NoEcon,55,0.8217284838023182,0.49663737774206906,0.1699516597232611,0.01708267251036914,0.3120028488029475,0.5669679669003459,0.6793213655099364,0.9514410355967687,0.81521805188314,0.8280243153208333,-0.02912024572812791,-0.03341733835001361,-0.025034119607961442,0.039153033052356054,0.03416732341996363,0.043936445120292746,-0.024844117706319762,-0.0294264354852083,-0.02030156504763862,0.029139027996650604,0.023618200996902226,0.034766266206051895,0.9171525633156821
logreg,NoMoney,65,0.8408953618639393,0.47197617839340733,0.16071690179111095,0.015563541937387846,0.34938693295757894,0.5791230660746302,0.6948173430677413,0.9608093603253959,0.8342159225364105,0.8478517468728709,-0.009904865419427871,-0.012502435651467025,-0.007179408364035466,0.014433412456179488,0.010855861076954456,0.017809675184762706,-0.00562873739761972,-0.008796315243697794,-0.002525312799568938,0.0044194074004740465,0.00035403269202942124,0.008563334690381952,0.9717916525788386
xgb,A,17,0.8447169210162775,0.46786794679897603,0.15852523785338665,0.01876815888188234,0.35825921198086674,0.5805539513794703,0.70502692584745,0.9553461850965199,0.8374821711129766,0.8516190252989483,-0.00471620173977244,-0.006065117956829497,-0.00351018204051278,0.009819700113302427,0.00806139363178399,0.011528047040904712,,,,,,,0.9864441346398295
xgb,EB2,72,0.8494540733846428,0.4580565389314583,0.1558211629894337,0.013601244585613301,0.3692058294252185,0.5896661558229348,0.7116957829788155,0.9670115136245016,0.8426040836643751,0.8558957380417412,,,,,,,0.00471620173977244,0.00351018204051278,0.006065117956829496,-0.009819700113302427,-0.011528047040904713,-0.008061393631783991,1.0
xgb,Clock,1,0.5504461282000411,0.6776035898692536,0.24270676031424213,0.001107651176784229,0.017476146191411135,0.5384071867990705,0.52590164323173,0.48877273082756256,0.5437952972476996,0.5579955527956155,-0.2985921002990898,-0.3091234671357545,-0.28996567420397645,0.21927725347947824,0.2102114137472152,0.22954033697414666,-0.29387589855931734,-0.30347487052172045,-0.2852565879716978,0.20945755336617583,0.20028507789678432,0.2196469384939303,0.14435696144973895
xgb,Score,4,0.5364859842085352,0.6981708006004053,0.25036647107616455,0.04946909777907734,-0.013531842737777078,0.4809408438732984,0.5445241598224683,0.5333161209513801,0.5185447140705152,0.5535430380652914,-0.31281266323887535,-0.3314003618271214,-0.29501657480235605,0.24002751890641763,0.22867066069442074,0.252389150831246,-0.3080964614991029,-0.32675173551640907,-0.29096735867803103,0.2302078187931152,0.2190979246180712,0.2425259162439565,0.10440852457420127
xgb,Money,7,0.8339111844663953,0.48918171313845105,0.16407379232682678,0.008858409549674132,0.3357975915577154,0.5509093167983194,0.694104442852385,0.9422568759484118,0.8263146009848037,0.8411633322721929,-0.015498373830311366,-0.018923301555523107,-0.01213334833027276,0.03106934992664861,0.026848042214557267,0.03572471189603929,-0.010782172090538927,-0.014082048676290839,-0.007651479613715362,0.02124964981334618,0.0168680626679441,0.025869875494543306,0.9555223701709739
xgb,Combat,6,0.7998262696008613,0.5039928816942426,0.1740498122217932,0.013171063802531403,0.2954127357746176,0.573620393729738,0.5711433990838528,0.9535251119545203,0.7927190959543986,0.806959029921679,-0.04957138313526641,-0.05562400396588886,-0.04417491223942091,0.045792684764273624,0.039693345294831095,0.052802687264116244,-0.04485518139549397,-0.050820602812492614,-0.03938938496016254,0.0359729846509712,0.029923249752134076,0.042758913925543506,0.8579847609068894
xgb,Spatial,9,0.744569398467485,0.5713438732959659,0.1983945378869281,0.005052078503883567,0.1968605831709901,0.545025432155423,0.6011517650201995,0.9019334622671462,0.7380753608246945,0.750869758247231,-0.10476202600253048,-0.11088242188609776,-0.09871018107634862,0.11316011514260015,0.10595085327195294,0.12075981995908514,-0.10004582426275806,-0.10637536718479171,-0.09356508371302467,0.10334041502929774,0.09567355087670126,0.11144346189010307,0.699861346868
xgb,SpatialT-,30,0.8203980180258156,0.4966929509461147,0.16980679377200283,0.009584264250301055,0.312589294160018,0.5590719730366427,0.6861535080862935,0.9417061927896619,0.8132523310443731,0.8268496567006377,-0.02903950908163865,-0.03358989868413366,-0.02446001648720053,0.03859609999605148,0.0329000226124766,0.044415145591202264,-0.024323307341866208,-0.029831058535231207,-0.019127896744033743,0.028776399882749045,0.02234742262485407,0.035258519174956496,0.9168530070993182
xgb,SpatialT,43,0.827790644002302,0.4883008317897419,0.16654858685091015,0.010036112980477303,0.3257791452233876,0.5666126166745813,0.6893322175805723,0.9483545719461279,0.8209959200447613,0.8338497869967088,-0.021661997432051057,-0.026210899861059685,-0.017270803459197737,0.030215049076397445,0.024554847064105326,0.03566754029012924,-0.01694579569227862,-0.022007380880641428,-0.01161245551713464,0.020395348963095018,0.01425967070127445,0.02672365675920703,0.9380077926334657
xgb,Bomb,18,0.6949179287640735,0.5844994782686619,0.20787919271492086,0.004750570901703652,0.15846486810488258,0.5426628629829704,0.5510960443183524,0.939904190706421,0.6890699718567381,0.7004890043723057,-0.1541293773495536,-0.16137697221528835,-0.14725190947527805,0.1261332388374023,0.11778870823082846,0.13461385889021035,-0.14941317560978115,-0.15668465842798757,-0.14216215975731894,0.11631353872409986,0.10713774960013785,0.12534291104915526,0.5577783852286881
xgb,NoEcon-,41,0.8228634405157653,0.49138655331631487,0.1684837549532148,0.008967527008239922,0.3179452108938202,0.561380668480531,0.6879954796784623,0.951393663646642,0.8158030567021021,0.8293288036116385,-0.026559452692497976,-0.03132906427034411,-0.02200208055223284,0.03327480246660741,0.027607647477933005,0.03912332170301445,-0.021843250952725535,-0.027509396022479583,-0.016799431525556904,0.023455102353304988,0.01719235664113418,0.030128812221208588,0.9239080757842267
xgb,NoEcon,55,0.8302230641342394,0.48300765842406024,0.16517304663976096,0.010657156747472009,0.3313475977361118,0.5723891906615325,0.6914339831886132,0.9584499384885236,0.8233752694066658,0.8361622298908723,-0.01921613160640719,-0.023853629084811007,-0.015055939019535839,0.024915621402954842,0.019493759100326184,0.03028717023620157,-0.014499929866634752,-0.019584288305347225,-0.009459729996728925,0.015095921289652413,0.009031505666819917,0.02139595668910387,0.9449684215606898
xgb,NoMoney,65,0.8438216896638822,0.46577109209721484,0.15875350027504667,0.011856118980718425,0.3573351616004047,0.5851403044570718,0.6985132707902623,0.9664711314286462,0.8367028667899676,0.8502412288268757,-0.005624555446529077,-0.008629496929378136,-0.002700153587209392,0.007736831908015307,0.003819198788045132,0.011618516115993153,-0.0009083537067566363,-0.004511418163434267,0.0026811429870936252,-0.0020828682052871205,-0.006912122885945206,0.0024453809669963736,0.9838823349053908
