model,set,t_lo,t_hi,n,AUC
logreg,A,0,5,24325,0.6934321752389363
logreg,A,5,10,24324,0.6937657797814555
logreg,A,10,20,48638,0.713736675699735
logreg,A,20,40,96095,0.7786203160241515
logreg,A,40,60,91051,0.841593492820246
logreg,A,60,90,113268,0.8921369196802559
logreg,A,90,999,78894,0.9531952397346434
logreg,EB2,0,5,24325,0.6904721052421589
logreg,EB2,5,10,24324,0.6894711456318797
logreg,EB2,10,20,48638,0.7128930106565299
logreg,EB2,20,40,96095,0.7797438676885333
logreg,EB2,40,60,91051,0.8439139419750895
logreg,EB2,60,90,113268,0.8976075746214489
logreg,EB2,90,999,78894,0.9629286863315814
logreg,Clock,0,5,24325,0.48101889682179144
logreg,Clock,5,10,24324,0.48098073822696674
logreg,Clock,10,20,48638,0.48452390557579467
logreg,Clock,20,40,96095,0.4922004307104229
logreg,Clock,40,60,91051,0.49610954935666396
logreg,Clock,60,90,113268,0.5044874060138653
logreg,Clock,90,999,78894,0.6064338875249418
logreg,Score,0,5,24325,0.5432312169976541
logreg,Score,5,10,24324,0.5430907969288785
logreg,Score,10,20,48638,0.5430221719513707
logreg,Score,20,40,96095,0.5426571968914697
logreg,Score,40,60,91051,0.5415983254293917
logreg,Score,60,90,113268,0.5298982082908663
logreg,Score,90,999,78894,0.5180795312251993
logreg,Money,0,5,24325,0.6880929876086812
logreg,Money,5,10,24324,0.6886435907131918
logreg,Money,10,20,48638,0.7088328447178818
logreg,Money,20,40,96095,0.7711197566860124
logreg,Money,40,60,91051,0.8291603985366266
logreg,Money,60,90,113268,0.8728816405252292
logreg,Money,90,999,78894,0.9329369777406827
logreg,Combat,0,5,24325,0.480739660187785
logreg,Combat,5,10,24324,0.4817397271316191
logreg,Combat,10,20,48638,0.5628439722959511
logreg,Combat,20,40,96095,0.6933361326800586
logreg,Combat,40,60,91051,0.7987393191595455
logreg,Combat,60,90,113268,0.8746737245479907
logreg,Combat,90,999,78894,0.9490219822195864
logreg,Spatial,0,5,24325,0.48287176483167393
logreg,Spatial,5,10,24324,0.49792688102673527
logreg,Spatial,10,20,48638,0.5776315229439453
logreg,Spatial,20,40,96095,0.638436616348458
logreg,Spatial,40,60,91051,0.733282971398594
logreg,Spatial,60,90,113268,0.7915418529631362
logreg,Spatial,90,999,78894,0.8639689950707424
logreg,SpatialT-,0,5,24325,0.6816213419872416
logreg,SpatialT-,5,10,24324,0.6772910883699558
logreg,SpatialT-,10,20,48638,0.6825708566007409
logreg,SpatialT-,20,40,96095,0.725937804460937
logreg,SpatialT-,40,60,91051,0.7915493524810865
logreg,SpatialT-,60,90,113268,0.8421459589974613
logreg,SpatialT-,90,999,78894,0.9247348092752881
logreg,SpatialT,0,5,24325,0.6757593953181544
logreg,SpatialT,5,10,24324,0.669435588047946
logreg,SpatialT,10,20,48638,0.6833730943834532
logreg,SpatialT,20,40,96095,0.741051398291143
logreg,SpatialT,40,60,91051,0.8101508218401258
logreg,SpatialT,60,90,113268,0.8665867280019073
logreg,SpatialT,90,999,78894,0.9422574447028684
logreg,Bomb,0,5,24325,0.497267088600796
logreg,Bomb,5,10,24324,0.4835071438378654
logreg,Bomb,10,20,48638,0.5195681209785649
logreg,Bomb,20,40,96095,0.5507905614467014
logreg,Bomb,40,60,91051,0.6349377756987558
logreg,Bomb,60,90,113268,0.750283340132353
logreg,Bomb,90,999,78894,0.9102918585104428
logreg,NoEcon-,0,5,24325,0.6831281922530745
logreg,NoEcon-,5,10,24324,0.6774639004333528
logreg,NoEcon-,10,20,48638,0.6829253300617235
logreg,NoEcon-,20,40,96095,0.7261113652588084
logreg,NoEcon-,40,60,91051,0.7927844567325515
logreg,NoEcon-,60,90,113268,0.848566185717726
logreg,NoEcon-,90,999,78894,0.9366442075057934
logreg,NoEcon,0,5,24325,0.6781929112798748
logreg,NoEcon,5,10,24324,0.6694238841304045
logreg,NoEcon,10,20,48638,0.683515654987636
logreg,NoEcon,20,40,96095,0.7406689217983595
logreg,NoEcon,40,60,91051,0.8106028074319545
logreg,NoEcon,60,90,113268,0.8708125960874706
logreg,NoEcon,90,999,78894,0.9513021295043177
logreg,NoMoney,0,5,24325,0.6839666158308546
logreg,NoMoney,5,10,24324,0.6790085131116519
logreg,NoMoney,10,20,48638,0.6950671552152838
logreg,NoMoney,20,40,96095,0.7648506024579657
logreg,NoMoney,40,60,91051,0.832673993189645
logreg,NoMoney,60,90,113268,0.8902809645322626
logreg,NoMoney,90,999,78894,0.9604217672667571
xgb,A,0,5,24325,0.684343893249692
xgb,A,5,10,24324,0.6850590055032428
xgb,A,10,20,48638,0.705112179612047
xgb,A,20,40,96095,0.7727605561183808
xgb,A,40,60,91051,0.8387040433408173
xgb,A,60,90,113268,0.8920170628633748
xgb,A,90,999,78894,0.9556827443428415
xgb,EB2,0,5,24325,0.6855561070438958
xgb,EB2,5,10,24324,0.6867711905431264
xgb,EB2,10,20,48638,0.7073603572097853
xgb,EB2,20,40,96095,0.7758886321393668
xgb,EB2,40,60,91051,0.8420181263693514
xgb,EB2,60,90,113268,0.8971387526888491
xgb,EB2,90,999,78894,0.9646734350869781
xgb,Clock,0,5,24325,0.47867694444546294
xgb,Clock,5,10,24324,0.4769427479871545
xgb,Clock,10,20,48638,0.476264265990423
xgb,Clock,20,40,96095,0.4788627258776958
xgb,Clock,40,60,91051,0.49000919087920625
xgb,Clock,60,90,113268,0.5006788909220454
xgb,Clock,90,999,78894,0.6095700964861831
xgb,Score,0,5,24325,0.540420169940878
xgb,Score,5,10,24324,0.540341171225912
xgb,Score,10,20,48638,0.5404784579556748
xgb,Score,20,40,96095,0.5392217759731232
xgb,Score,40,60,91051,0.5370246125635288
xgb,Score,60,90,113268,0.5316533540074635
xgb,Score,90,999,78894,0.532322870088467
xgb,Money,0,5,24325,0.6879658044998969
xgb,Money,5,10,24324,0.6880162911766905
xgb,Money,10,20,48638,0.7050462232306849
xgb,Money,20,40,96095,0.7687416365153108
xgb,Money,40,60,91051,0.8287302319518031
xgb,Money,60,90,113268,0.8775735271890925
xgb,Money,90,999,78894,0.93764606201318
xgb,Combat,0,5,24325,0.4796459436286525
xgb,Combat,5,10,24324,0.4813087489726514
xgb,Combat,10,20,48638,0.5575210760807053
xgb,Combat,20,40,96095,0.689474242530188
xgb,Combat,40,60,91051,0.7978755274490354
xgb,Combat,60,90,113268,0.8796317908348539
xgb,Combat,90,999,78894,0.9555562228635979
xgb,Spatial,0,5,24325,0.5328353051326465
xgb,Spatial,5,10,24324,0.5628972655487982
xgb,Spatial,10,20,48638,0.5953336262039639
xgb,Spatial,20,40,96095,0.6523662066315097
xgb,Spatial,40,60,91051,0.7413142421277104
xgb,Spatial,60,90,113268,0.8011134828582542
xgb,Spatial,90,999,78894,0.8919976759546246
xgb,SpatialT-,0,5,24325,0.6811076814687709
xgb,SpatialT-,5,10,24324,0.6785333983295398
xgb,SpatialT-,10,20,48638,0.6890070537592731
xgb,SpatialT-,20,40,96095,0.748307362893316
xgb,SpatialT-,40,60,91051,0.8118672822779311
xgb,SpatialT-,60,90,113268,0.8630625662753661
xgb,SpatialT-,90,999,78894,0.94136211284252
xgb,SpatialT,0,5,24325,0.6811414812880913
xgb,SpatialT,5,10,24324,0.6776458286984186
xgb,SpatialT,10,20,48638,0.6905282585683716
xgb,SpatialT,20,40,96095,0.7510203576533492
xgb,SpatialT,40,60,91051,0.8183491182242645
xgb,SpatialT,60,90,113268,0.8737609276529721
xgb,SpatialT,90,999,78894,0.9498340450885387
xgb,Bomb,0,5,24325,0.4749247518542616
xgb,Bomb,5,10,24324,0.5050792093063328
xgb,Bomb,10,20,48638,0.5369485986832361
xgb,Bomb,20,40,96095,0.5653903317272486
xgb,Bomb,40,60,91051,0.6447048902907586
xgb,Bomb,60,90,113268,0.7569038821390333
xgb,Bomb,90,999,78894,0.9140630485993309
xgb,NoEcon-,0,5,24325,0.6824092535564426
xgb,NoEcon-,5,10,24324,0.6786071262447801
xgb,NoEcon-,10,20,48638,0.688698044703185
xgb,NoEcon-,20,40,96095,0.7469733537359766
xgb,NoEcon-,40,60,91051,0.8110860327463938
xgb,NoEcon-,60,90,113268,0.8662613381092993
xgb,NoEcon-,90,999,78894,0.9493229602786681
xgb,NoEcon,0,5,24325,0.6827198986886185
xgb,NoEcon,5,10,24324,0.6782179202470028
xgb,NoEcon,10,20,48638,0.6896833600472667
xgb,NoEcon,20,40,96095,0.7503236518346388
xgb,NoEcon,40,60,91051,0.8181046303113627
xgb,NoEcon,60,90,113268,0.876632275685772
xgb,NoEcon,90,999,78894,0.9572128682148713
xgb,NoMoney,0,5,24325,0.6789622740439968
xgb,NoMoney,5,10,24324,0.6758484012533205
xgb,NoMoney,10,20,48638,0.6928700425873895
xgb,NoMoney,20,40,96095,0.767607190576624
xgb,NoMoney,40,60,91051,0.8350973335113475
xgb,NoMoney,60,90,113268,0.8936878601257809
xgb,NoMoney,90,999,78894,0.9642449120762343
