match_id,round_num,tick,time_elapsed_sec,ct_won,p_ct,logloss,ct_players_alive,t_players_alive,ct_equipment_value,t_equipment_value,bomb_planted,ct_voronoi_control_pct
g2-vs-furia-m2-inferno,15,155585,98.640625,1,0.0013738671533357436,6.590052991336911,2,5,7300.0,21950.0,1,0.12695410853707392
g2-vs-furia-m2-inferno,15,155777,101.640625,1,0.0014604479852239917,6.528943581336257,1,4,2750.0,18950.0,1,0.0352153973479648
g2-vs-furia-m2-inferno,15,155713,100.640625,1,0.0015101166653307386,6.495502151474576,1,4,2750.0,18950.0,1,0.037082588692837565
g2-vs-furia-m2-inferno,15,155649,99.640625,1,0.001520032668759464,6.488957665854216,1,4,2750.0,18950.0,1,0.041757798498397516
g2-vs-furia-m2-inferno,15,155905,103.640625,1,0.0016448937177308484,6.410018713780697,1,4,2750.0,18950.0,1,0.033605001099350135
g2-vs-furia-m2-inferno,15,155841,102.640625,1,0.0016735332679285537,6.392758406226852,1,4,2750.0,18950.0,1,0.034051977376209776
g2-vs-furia-m2-inferno,15,155521,97.640625,1,0.002160465009517281,6.137385513011527,2,5,7300.0,21950.0,1,0.1259833353830205
g2-vs-furia-m2-inferno,15,155457,96.640625,1,0.002584425394472141,5.958213387695608,2,5,7300.0,21950.0,1,0.14123298631732317
astralis-vs-pain-m3-inferno,15,127105,27.109375,0,0.9967475865758194,5.728327220243906,5,2,25400.0,1600.0,0,0.9218113933137619
astralis-vs-pain-m3-inferno,15,127233,29.109375,0,0.9954541900183111,5.393527355400095,4,1,21550.0,700.0,0,0.8581249186585367
astralis-vs-pain-m3-inferno,15,127297,30.109375,0,0.9949431274151763,5.286987278132192,4,1,21550.0,700.0,0,0.8661203393596211
g2-vs-furia-m2-inferno,15,155969,104.640625,1,0.007135127244888997,4.9427111792418055,1,3,2750.0,13550.0,1,0.0987424978816344
furia-vs-natus-vincere-m2-inferno,21,181189,100.625,1,0.007701252974377735,4.866359254599714,1,3,5400.0,12700.0,1,0.3969822247905167
g2-vs-furia-m2-inferno,15,156161,107.640625,1,0.008401634750030869,4.779317076593929,1,3,3350.0,12750.0,1,0.07455678052321484
g2-vs-furia-m2-inferno,15,156033,105.640625,1,0.00852560821732878,4.764669183916638,1,3,3350.0,13550.0,1,0.10075166082697357
g2-vs-furia-m2-inferno,15,155393,95.640625,1,0.009027657425767608,4.707451289487562,3,5,9300.0,21950.0,1,0.2135768536732965
g2-vs-furia-m2-inferno,15,156097,106.640625,1,0.009915987069486227,4.613596884141185,1,3,3350.0,12750.0,1,0.08320646322527066
furia-vs-natus-vincere-m2-inferno,21,181253,101.625,1,0.010055075325360775,4.599667819274951,1,3,5400.0,12700.0,1,0.41030864141544177
astralis-vs-pain-m3-inferno,15,127169,28.109375,0,0.9888250197520726,4.494068957485702,4,2,21550.0,1600.0,0,0.7732352553857028
eternal-fire-vs-natus-vincere-m2-inferno,2,16735,96.21875,1,0.011543780478641847,4.461599811112169,1,2,3850.0,7550.0,1,0.3137438437957846
pgl-cluj-napoca-2025-wildcard-vs-virtuspro__wildcard-vs-virtus-pro-m2-inferno,11,81795,30.3125,0,0.9884428279759312,4.460440427663622,5,4,29550.0,1850.0,0,0.7578204066514227
perfect-world-shanghai-major-2024-furia-vs-pain__furia-vs-pain-m3-inferno,22,205626,23.578125,0,0.9884136829893951,4.457921814325969,5,4,29500.0,800.0,0,0.6984828653317193
natus-vincere-vs-saw-m1-inferno,1,4353,48.109375,1,0.012066655192430198,4.417301112456189,4,4,3500.0,4250.0,1,0.6265503923916765
perfect-world-shanghai-major-2024-furia-vs-pain__furia-vs-pain-m3-inferno,22,205562,22.578125,0,0.9879181060809088,4.416039040568876,5,4,29500.0,800.0,0,0.6876520159735956
falcons-vs-mibr-m3-inferno,36,348337,102.84375,1,0.012192822876693566,4.406899587635728,3,5,19150.0,26850.0,1,0.5688795258870845
falcons-vs-mibr-m3-inferno,36,348273,101.84375,1,0.012599682606936922,4.374075718591252,3,5,19150.0,26850.0,1,0.5446915118417941
perfect-world-shanghai-major-2024-furia-vs-pain__furia-vs-pain-m3-inferno,22,205498,21.578125,0,0.9873318171125882,4.368653819688972,5,4,29500.0,800.0,0,0.671499364939038
perfect-world-shanghai-major-2024-furia-vs-pain__furia-vs-pain-m3-inferno,22,205690,24.578125,0,0.9870899554243318,4.349741875451338,5,4,29500.0,800.0,0,0.7010974163250299
perfect-world-shanghai-major-2024-furia-vs-pain__furia-vs-pain-m3-inferno,22,205754,25.578125,0,0.9870678288618411,4.348029452886616,5,4,29500.0,800.0,0,0.7090679391993374
falcons-vs-mibr-m3-inferno,36,347953,96.84375,1,0.013116959918632178,4.333841612146131,3,5,19150.0,26850.0,1,0.5862656885603601
pain-vs-themongolz-m3-inferno,24,224635,113.671875,1,0.013118996015188088,4.333686399121392,2,4,13850.0,20200.0,1,0.40395232769464784
g2-vs-gamerlegion-m1-inferno,1,7041,90.125,0,0.9867992584020057,4.3274746939984166,5,2,4500.0,1700.0,0,0.8074263410214609
furia-vs-natus-vincere-m2-inferno,21,181317,102.625,1,0.01337959364536977,4.314017121003841,1,3,5400.0,12700.0,1,0.43314251082014316
faze-vs-nemiga-inferno,4,35521,76.609375,1,0.013394524371462163,4.312901818822795,1,3,1250.0,13600.0,0,0.23680908233507764
furia-vs-natus-vincere-m2-inferno,21,181637,107.625,1,0.013445891490997309,4.3090742477632995,1,3,5400.0,12700.0,1,0.6438450016416427
faze-vs-nemiga-inferno,4,35329,73.609375,1,0.013465606194838307,4.307609107392161,1,3,1250.0,13600.0,0,0.23787182340819837
faze-vs-nemiga-inferno,4,35393,74.609375,1,0.013527931623419734,4.302991329761466,1,3,1250.0,13600.0,0,0.23919061425742633
faze-vs-nemiga-inferno,4,35457,75.609375,1,0.013549294048916395,4.301413452293547,1,3,1250.0,13600.0,0,0.2399207473001554
furia-vs-natus-vincere-m2-inferno,21,181701,108.625,1,0.013602457404717617,4.297497459453744,1,3,5400.0,12700.0,1,0.6059562410889301
faze-vs-nemiga-inferno,4,35265,72.609375,1,0.013606508091508405,4.297199715164506,1,3,1250.0,13600.0,0,0.24128521309461007
legacy-vs-lynn-vision-m2-inferno,15,127906,32.625,0,0.9863808893086106,4.296273932114113,5,3,25150.0,1900.0,0,0.64098257602312
perfect-world-shanghai-major-2024-furia-vs-pain__furia-vs-pain-m3-inferno,22,205434,20.578125,0,0.9863422723895131,4.293442470393822,5,4,29500.0,800.0,0,0.6378367849439226
pain-vs-themongolz-m3-inferno,24,225275,123.671875,1,0.0137055141919908,4.289949735055287,2,4,13850.0,20200.0,1,0.3446201865867696
furia-vs-natus-vincere-m2-inferno,21,182917,127.625,1,0.013761888482672017,4.285844945095673,1,3,5400.0,12700.0,1,0.4419677161222344
faze-vs-nemiga-inferno,4,35009,68.609375,1,0.013779654363500926,4.2845548391359864,1,3,1250.0,13600.0,0,0.23642526242685147
furia-vs-natus-vincere-m2-inferno,21,181573,106.625,1,0.013788952324247454,4.283880311492887,1,3,5400.0,12700.0,1,0.6189045011510761
faze-vs-nemiga-inferno,4,34945,67.609375,1,0.013808812369837295,4.282441071372236,1,3,1250.0,13600.0,0,0.2374004503120607
faze-vs-nemiga-inferno,4,35137,70.609375,1,0.013846751026110835,4.2796974349352945,1,3,1250.0,13600.0,0,0.2384502110746539
pain-vs-themongolz-m3-inferno,24,225147,121.671875,1,0.01386232646526602,4.278573230899268,2,4,13850.0,20200.0,1,0.40442764247528656
faze-vs-nemiga-inferno,4,35585,77.609375,1,0.013905246467892117,4.275481874821865,1,3,1250.0,13600.0,0,0.25839154121317387
furia-vs-natus-vincere-m2-inferno,21,182981,128.625,1,0.013990601594322803,4.269362341860786,1,3,5400.0,12700.0,1,0.41995066534479397
furia-vs-natus-vincere-m2-inferno,21,181765,109.625,1,0.0140233221666163,4.267026335391178,1,3,5400.0,12700.0,1,0.5915988734407785
faze-vs-nemiga-inferno,4,35073,69.609375,1,0.014072335528648333,4.263537322008174,1,3,1250.0,13600.0,0,0.2423415532084857
faze-vs-nemiga-inferno,4,35777,80.609375,1,0.014116010793433177,4.26043852441604,1,3,1250.0,13300.0,0,0.30955485264917004
pain-vs-themongolz-m3-inferno,24,225211,122.671875,1,0.014121555213367233,4.260045829044603,2,4,13850.0,20200.0,1,0.3927084620671357
falcons-vs-mibr-m3-inferno,36,348017,97.84375,1,0.014129291776827238,4.259498128022684,3,5,19150.0,26850.0,1,0.5610864357833191
3dmax-vs-pain-m1-inferno,12,102971,45.140625,1,0.01420741927815606,4.253983927893967,2,2,13450.0,9700.0,1,0.708065569249052
astralis-vs-pain-m3-inferno,15,127041,26.109375,0,0.9857334094375979,4.2498277901291726,5,3,25400.0,2300.0,0,0.7929119916891522
pain-vs-themongolz-m3-inferno,24,225339,124.671875,1,0.014281906998103425,4.248754785860701,2,4,13850.0,20200.0,1,0.3314182746519006
faze-vs-nemiga-inferno,4,35201,71.609375,1,0.01433419304237292,4.245100497753545,1,3,1250.0,13600.0,0,0.24648508905616778
falcons-vs-mibr-m3-inferno,36,347825,94.84375,1,0.01439127043682705,4.241126527257692,3,5,19150.0,26850.0,1,0.7095931627963964
faze-vs-nemiga-inferno,4,35649,78.609375,1,0.014427115434967806,4.238638895367271,1,3,1250.0,13600.0,0,0.28957685346519596
falcons-vs-mibr-m3-inferno,36,348209,100.84375,1,0.01442961567786577,4.238465609934081,3,5,19150.0,26850.0,1,0.5570840992333317
pain-vs-themongolz-m3-inferno,24,225083,120.671875,1,0.014460527385649194,4.236325675526817,2,4,13850.0,20200.0,1,0.41046884349463475
perfect-world-shanghai-major-2024-furia-vs-pain__furia-vs-pain-m3-inferno,22,205818,26.578125,0,0.9854135636698633,4.227656344896139,5,4,29500.0,800.0,0,0.7148639186579104
furia-vs-natus-vincere-m2-inferno,21,181829,110.625,1,0.014682845941262441,4.221068598731029,1,3,5400.0,12700.0,1,0.5955913602363775
iem-katowice-2025-play-in-wildcard-vs-big__wildcard-vs-big-m2-inferno,10,81153,11.8125,0,0.9852036564544463,4.213368428065075,5,3,29950.0,3400.0,0,0.7096787712290427
furia-vs-natus-vincere-m2-inferno,21,181893,111.625,1,0.014878952040508214,4.207800958561658,1,3,5400.0,12700.0,1,0.5934372826358297
natus-vincere-vs-saw-m1-inferno,1,4417,49.109375,1,0.014910120042983794,4.205708392233652,4,4,3500.0,4250.0,1,0.5705040933199594
falcons-vs-mibr-m3-inferno,36,347761,93.84375,1,0.014939755485941794,4.203722772286646,3,5,19150.0,26850.0,1,0.7767873730866109
faze-vs-nemiga-inferno,4,35713,79.609375,1,0.01495199764876123,4.202903678034175,1,3,1250.0,13300.0,0,0.3103220077655902
falcons-vs-mibr-m3-inferno,36,347889,95.84375,1,0.014990364540256063,4.2003409773374,3,5,19150.0,26850.0,1,0.61566337510152
furia-vs-natus-vincere-m2-inferno,21,181509,105.625,1,0.015001195004386847,4.19961874798067,1,3,5400.0,12700.0,1,0.5659659069667413
perfect-world-shanghai-major-2024-furia-vs-pain__furia-vs-pain-m3-inferno,22,205114,15.578125,0,0.9849408420733141,4.195762332280864,5,4,29500.0,800.0,0,0.5981108877415936
furia-vs-natus-vincere-m2-inferno,21,181957,112.625,1,0.015135324473553279,4.1907172910772665,1,3,5400.0,12700.0,1,0.5801413567300119
pain-vs-themongolz-m3-inferno,24,224699,114.671875,1,0.015143511661988133,4.1901765084316285,2,4,13850.0,20200.0,1,0.37689411294619607
mouz-vs-gamerlegion-m1-inferno,1,7681,100.28125,1,0.015182222866938407,4.18762349718381,1,1,400.0,300.0,1,0.3545607664243828
perfect-world-shanghai-major-2024-furia-vs-pain__furia-vs-pain-m3-inferno,22,205178,16.578125,0,0.9847754008414996,4.18483622528581,5,4,29500.0,800.0,0,0.5967339436701976
perfect-world-shanghai-major-2024-furia-vs-pain__furia-vs-pain-m3-inferno,22,205370,19.578125,0,0.9847349005413352,4.182179586476152,5,4,29500.0,800.0,0,0.5840207394817214
falcons-vs-mibr-m3-inferno,36,348081,98.84375,1,0.015453167989919707,4.169934777622513,3,5,19150.0,26850.0,1,0.578327321014799
3dmax-vs-pain-m1-inferno,12,103035,46.140625,1,0.01552372601083934,4.165379273291483,2,2,13450.0,9700.0,1,0.7047389332255257
furia-vs-natus-vincere-m2-inferno,21,182021,113.625,1,0.01555001606530133,4.163687176378233,1,3,5400.0,12700.0,1,0.5986261235495104
perfect-world-shanghai-major-2024-furia-vs-pain__furia-vs-pain-m3-inferno,22,205882,27.578125,0,0.9844048645859343,4.160789833552776,5,4,29500.0,800.0,0,0.7089946876106535
furia-vs-natus-vincere-m2-inferno,21,182405,119.625,1,0.01567643862077781,4.155590039654919,1,3,5400.0,12700.0,1,0.4456459459873336
eternal-fire-vs-natus-vincere-m2-inferno,2,16799,97.21875,1,0.01588164383966309,4.142585015611418,1,2,4300.0,7550.0,1,0.3412253356151734
furia-vs-natus-vincere-m2-inferno,21,182341,118.625,1,0.0158975118345648,4.1415863801209385,1,3,5400.0,12700.0,1,0.490130043363395
furia-vs-natus-vincere-m2-inferno,21,182149,115.625,1,0.01599538710816577,4.135448652267197,1,3,5400.0,12700.0,1,0.6216773698041036
furia-vs-natus-vincere-m2-inferno,21,182277,117.625,1,0.015998965408959703,4.1352249703884185,1,3,5400.0,12700.0,1,0.5600750354586569
pgl-cluj-napoca-2025-saw-vs-astralis__saw-vs-astralis-m2-inferno,1,5890,63.03125,1,0.0160281458102383,4.133402750024472,3,4,2200.0,4500.0,1,0.25233398973507354
perfect-world-shanghai-major-2024-furia-vs-pain__furia-vs-pain-m3-inferno,22,205242,17.578125,0,0.9836620278770095,4.114257181640174,5,4,29500.0,800.0,0,0.594455554613062
furia-vs-natus-vincere-m2-inferno,21,182213,116.625,1,0.01636470480211631,4.112622298865708,1,3,5400.0,12700.0,1,0.5846218662640621
perfect-world-shanghai-major-2024-furia-vs-pain__furia-vs-pain-m3-inferno,22,205050,14.578125,0,0.9836039873540564,4.110711006032859,5,4,29500.0,800.0,0,0.5948982495460438
furia-vs-natus-vincere-m2-inferno,21,181381,103.625,1,0.0164369168492497,4.108219362677682,1,3,5400.0,12700.0,1,0.4569710378643409
cloud9-vs-vitality-m1-inferno,18,159939,72.6875,0,0.9835505419417762,4.107456667893116,4,3,24850.0,1750.0,0,0.5815289197211791
the-mongolz-vs-wildcard-m1-inferno,26,223810,69.921875,1,0.016529516830227034,4.102601547682418,2,5,12200.0,26750.0,0,0.4306605332875304
perfect-world-shanghai-major-2024-furia-vs-pain__furia-vs-pain-m3-inferno,22,206010,29.578125,0,0.9834697700312923,4.102558405539142,5,4,28600.0,800.0,0,0.6708839631997543
falcons-vs-mibr-m3-inferno,36,348145,99.84375,1,0.016625132443013307,4.096833711003325,3,5,19150.0,26850.0,1,0.5949620849743645
pain-vs-themongolz-m3-inferno,24,224763,115.671875,1,0.016625552167624652,4.096808465081824,2,4,13850.0,20200.0,1,0.33465987148881304
eternal-fire-vs-natus-vincere-m2-inferno,11,96671,67.484375,0,0.9833399178113409,4.094733706609411,5,2,29400.0,8300.0,0,0.640513074919893
b8-vs-flyquest-m3-inferno,29,259201,91.421875,1,0.016703330646694412,4.092141152711085,1,2,5450.0,11550.0,1,0.41143614174289134
perfect-world-shanghai-major-2024-furia-vs-pain__furia-vs-pain-m3-inferno,22,205306,18.578125,0,0.9832738621757364,4.090776665287134,5,4,29500.0,800.0,0,0.5887599814044066
perfect-world-shanghai-major-2024-furia-vs-pain__furia-vs-pain-m3-inferno,22,205946,28.578125,0,0.983249292046887,4.089308785867637,5,4,29500.0,800.0,0,0.6881737665286378
eternal-fire-vs-natus-vincere-m2-inferno,11,96479,64.484375,0,0.9831716675428852,4.084685414920246,5,2,29400.0,8300.0,0,0.652012923572235
falcons-vs-mibr-m3-inferno,36,347505,89.84375,1,0.016853952187602668,4.08316416518473,3,5,19150.0,26850.0,1,0.8331382377886948
eternal-fire-vs-natus-vincere-m2-inferno,11,96351,62.484375,0,0.9831032169620258,4.080626109686282,5,2,29400.0,8300.0,0,0.6206670568798999
eternal-fire-vs-natus-vincere-m2-inferno,11,96607,66.484375,0,0.9831023058947437,4.080572191888604,5,2,29400.0,8300.0,0,0.6373129610702043
eternal-fire-vs-natus-vincere-m2-inferno,11,96415,63.484375,0,0.9830926742108373,4.080002357750738,5,2,29400.0,8300.0,0,0.6372655307889699
pain-vs-themongolz-m3-inferno,24,225019,119.671875,1,0.01700594321408954,4.07418651491336,2,4,13850.0,20200.0,1,0.38172513102362415
eternal-fire-vs-natus-vincere-m2-inferno,11,96543,65.484375,0,0.9829323063377832,4.070562002889475,5,2,29400.0,8300.0,0,0.6470924637759438
pgl-cluj-napoca-2025-saw-vs-astralis__saw-vs-astralis-m2-inferno,1,5954,64.03125,1,0.01744095301061553,4.048928483274989,3,4,2200.0,4500.0,1,0.25975605307919153
pgl-cluj-napoca-2025-saw-vs-astralis__saw-vs-astralis-m2-inferno,15,126978,27.234375,0,0.9825149586186948,4.0464038226370205,5,3,22700.0,2550.0,0,0.7396233923465326
gamerlegion-vs-passion-ua-m1-inferno,14,109947,55.546875,0,0.9824661720440314,4.043617534643132,5,4,20200.0,800.0,0,0.8841158277318152
falcons-vs-mibr-m3-inferno,36,347697,92.84375,1,0.017535131419883075,4.043543197878961,3,5,19150.0,26850.0,1,0.8285980611683715
g2-vs-furia-m2-inferno,15,155329,94.640625,1,0.017591143780692306,4.0403540131990825,3,5,9300.0,21950.0,0,0.23611998244497956
pain-vs-themongolz-m3-inferno,24,224891,117.671875,1,0.01790648362036598,4.022586833736829,2,4,13850.0,20200.0,1,0.3193648833092825
furia-vs-natus-vincere-m2-inferno,21,182853,126.625,1,0.01791813840914266,4.021936179328651,1,3,5400.0,12700.0,1,0.4319642219068567
pgl-cluj-napoca-2025-saw-vs-astralis__saw-vs-astralis-m2-inferno,15,126914,26.234375,0,0.9820438240640311,4.019815590839869,5,3,22700.0,2550.0,0,0.7248854636081146
pain-vs-themongolz-m3-inferno,24,224827,116.671875,1,0.018046100947450624,4.014820090181422,2,4,13850.0,20200.0,1,0.32280115932641945
falcons-vs-mibr-m3-inferno,36,347633,91.84375,1,0.018056666952139675,4.014234764065291,3,5,19150.0,26850.0,1,0.8371589975433644
natus-vincere-vs-faze-m1-inferno,19,181535,98.515625,0,0.9818274253300205,4.007836204876772,4,1,19250.0,4600.0,0,0.6686078501957485
virtus-pro-vs-saw-m2-inferno,1,6337,79.265625,1,0.01824714586261547,4.003741121979452,3,5,3000.0,4250.0,0,0.3124088820538477
virtus-pro-vs-saw-m2-inferno,1,6529,82.265625,1,0.018447463290169493,3.992822988211266,2,4,1950.0,3400.0,0,0.08285890371446987
falcons-vs-mibr-m3-inferno,36,347569,90.84375,1,0.018567608776625263,3.9863312942871745,3,5,19150.0,26850.0,1,0.8344328714041248
cloud9-vs-vitality-m1-inferno,1,7171,83.53125,1,0.018968226109684013,3.964984737743247,4,5,3750.0,4400.0,1,0.15948064969587472
natus-vincere-vs-faze-m1-inferno,19,181471,97.515625,0,0.9808580775728587,3.9558692335895653,4,1,19250.0,4600.0,0,0.6459083006179119
g2-vs-furia-m2-inferno,15,155265,93.640625,1,0.019354218831941144,3.94483968896159,3,5,9300.0,21950.0,0,0.2523785921568433
3dmax-vs-faze-m2-inferno,4,34696,109.734375,1,0.01966295760890772,3.9290136519962786,2,4,10200.0,17800.0,0,0.1841127436496738
pain-vs-themongolz-m3-inferno,24,224955,118.671875,1,0.019717691890143173,3.926233909193577,2,4,13850.0,20200.0,1,0.33205082712778167
astralis-vs-pain-m3-inferno,15,126977,25.109375,0,0.9802040694408571,3.922273838190776,5,4,25400.0,3100.0,0,0.7108995016354854
pgl-cluj-napoca-2025-saw-vs-astralis__saw-vs-astralis-m2-inferno,1,6018,65.03125,1,0.019808698196947677,3.9216290865961794,3,4,2200.0,4500.0,1,0.26344152221274564
3dmax-vs-legacy-m1-inferno,6,34433,46.859375,1,0.0198416790339883,3.9199655120936097,2,4,10600.0,16900.0,1,0.6637063045562308
g2-vs-gamerlegion-m1-inferno,1,7169,92.125,0,0.9801567506210048,3.919886371868014,4,2,3800.0,1700.0,0,0.7880985662617943
furia-vs-natus-vincere-m2-inferno,21,181445,104.625,1,0.019963146931675536,3.9138623494008304,1,3,5400.0,12700.0,1,0.4950173749305633
b8-vs-flyquest-m3-inferno,24,211841,105.90625,1,0.020078969896310864,3.908077305136246,2,3,11900.0,16650.0,1,0.5611829490490349
g2-vs-gamerlegion-m1-inferno,1,7105,91.125,0,0.9798573811575894,3.9049124036624665,4,2,3800.0,1700.0,0,0.7870319440112046
furia-vs-natus-vincere-m2-inferno,21,182469,120.625,1,0.020521294343452984,3.8862873105274245,1,3,5400.0,12700.0,1,0.4291722965633486
cloud9-vs-vitality-m1-inferno,18,160003,73.6875,0,0.9794729066716326,3.8860047680438976,4,3,24850.0,1750.0,0,0.6049525943695714
furia-vs-natus-vincere-m2-inferno,21,182725,124.625,1,0.020706916707896685,3.877282664752663,1,3,5400.0,12700.0,1,0.4278062143684021
g2-vs-furia-m2-inferno,15,155201,92.640625,1,0.020713084164345887,3.8769848653038474,3,5,9300.0,21950.0,0,0.26712258697923713
eternal-fire-vs-gamerlegion-m2-inferno,3,22656,48.109375,1,0.020729963594464166,3.8761702847888326,4,5,3000.0,21700.0,0,0.3808887211611227
furia-vs-natus-vincere-m2-inferno,21,182085,114.625,1,0.020755500722403227,3.874939154393064,1,3,5400.0,12700.0,1,0.6314983163599861
pgl-cluj-napoca-2025-saw-vs-astralis__saw-vs-astralis-m2-inferno,1,5442,56.03125,1,0.020789444438598512,3.8733050898776225,3,4,2200.0,4500.0,1,0.23703603506388612
eternal-fire-vs-natus-vincere-m2-inferno,2,16863,98.21875,1,0.020830366196493106,3.8713386429470766,1,2,4300.0,7550.0,1,0.36145903181549255
big-vs-faze-m1-inferno,2,10874,17.65625,1,0.02083204415875131,3.871258092916975,2,5,4900.0,20800.0,0,0.6117400731528739
virtus-pro-vs-saw-m2-inferno,1,6401,80.265625,1,0.020891055514243407,3.8684293907144576,3,5,3000.0,4250.0,0,0.30988931289656996
starladder-budapest-major-2025-vitality-vs-faze__vitality-vs-faze-m3-inferno,14,118553,78.828125,1,0.02103243281621133,3.8616848582784837,2,4,9550.0,14300.0,1,0.16547548906359896
pgl-cluj-napoca-2025-saw-vs-astralis__saw-vs-astralis-m2-inferno,1,5250,53.03125,1,0.021132746673201953,3.8569267345541434,3,4,2200.0,4500.0,1,0.24571389466838806
cloud9-vs-vitality-m1-inferno,18,160067,74.6875,0,0.9788341975207233,3.855363765744601,4,3,24850.0,1750.0,0,0.5819482108675299
astralis-vs-virtus-pro-m1-inferno,10,84806,80.796875,1,0.021178757080709064,3.854751902459928,3,4,18150.0,9700.0,1,0.2377607312776065
pgl-cluj-napoca-2025-saw-vs-astralis__saw-vs-astralis-m2-inferno,1,5826,62.03125,1,0.02121404665092715,3.8530870249913325,3,4,2200.0,4500.0,1,0.2404125927683934
pgl-cluj-napoca-2025-saw-vs-astralis__saw-vs-astralis-m2-inferno,1,5506,57.03125,1,0.02124436820137245,3.8516587374362414,3,4,2200.0,4500.0,1,0.2403310826204222
furia-vs-natus-vincere-m2-inferno,21,182597,122.625,1,0.02126620749636359,3.850631266327846,1,3,5400.0,12700.0,1,0.4186580402772068
3dmax-vs-legacy-m1-inferno,30,257601,23.5625,0,0.9786263610433835,3.8455922620813414,5,2,30750.0,10500.0,0,0.7746094452577855
nrg-vs-aurora-m1-inferno,13,115521,74.90625,0,0.9785925250672822,3.8440104507679265,5,2,4000.0,1750.0,0,0.8379558304124672
starladder-budapest-major-2025-vitality-vs-faze__vitality-vs-faze-m3-inferno,14,118617,79.828125,1,0.02144048340107659,3.8424697322786354,2,4,9550.0,14300.0,1,0.1542628653740456
furia-vs-natus-vincere-m2-inferno,21,182533,121.625,1,0.02153889962421915,3.837890051033451,1,3,5400.0,12700.0,1,0.41826278666303496
g2-vs-gamerlegion-m1-inferno,1,7233,93.125,0,0.9783815978499968,3.834205749929506,4,2,3800.0,1700.0,0,0.76879716168812
3dmax-vs-pain-m1-inferno,12,103099,47.140625,1,0.021681217317653975,3.8313043423722117,2,2,13450.0,9700.0,1,0.6930042615773189
cloud9-vs-vitality-m1-inferno,1,6531,73.53125,1,0.02172315015149832,3.829372156460213,4,5,3750.0,4400.0,1,0.20696661320389792
liquid-vs-the-mongolz-inferno,18,146691,39.484375,0,0.9782137522830092,3.826471756878666,5,4,30650.0,1500.0,0,0.5475744203092484
natus-vincere-vs-mibr-inferno,18,175739,67.0,1,0.021858664014695862,3.823153338788518,3,5,15700.0,23800.0,0,0.2542428073035682
3dmax-vs-legacy-m1-inferno,30,257857,27.5625,0,0.9781140541514306,3.821906021106905,5,2,30750.0,10500.0,0,0.7616800716137847
3dmax-vs-legacy-m1-inferno,30,257985,29.5625,0,0.9780895588287108,3.8207874259404457,5,2,30750.0,10500.0,0,0.7797188911582089
b8-vs-flyquest-m3-inferno,29,259265,92.421875,1,0.02205056897972653,3.8144123383328843,1,2,5450.0,11550.0,1,0.43333020662600197
virtus-pro-vs-saw-m2-inferno,5,43265,91.46875,1,0.022061709291117428,3.8139072516968837,3,4,4300.0,18900.0,0,0.6094720506926959
3dmax-vs-legacy-m1-inferno,30,257665,24.5625,0,0.9779358525115784,3.813796741151208,5,2,30750.0,10500.0,0,0.7447219861953536
furia-vs-natus-vincere-m2-inferno,21,182661,123.625,1,0.022085196627957184,3.8128432028281383,1,3,5400.0,12700.0,1,0.4172335959079889
pgl-cluj-napoca-2025-saw-vs-astralis__saw-vs-astralis-m2-inferno,1,6082,66.03125,1,0.022120596543898384,3.811241613497453,3,4,2200.0,4500.0,1,0.25565640443895726
liquid-vs-the-mongolz-inferno,18,146627,38.484375,0,0.9778791241616482,3.8112289876432146,5,4,30650.0,1500.0,0,0.5478248860667098
3dmax-vs-legacy-m1-inferno,30,258177,32.5625,0,0.9778325287371459,3.809124811970535,5,2,30750.0,10500.0,0,0.833590449092639
3dmax-vs-legacy-m1-inferno,30,257921,28.5625,0,0.9777958012766734,3.807469372663088,5,2,30750.0,10500.0,0,0.7619455758282699
furia-vs-natus-vincere-m2-inferno,21,182789,125.625,1,0.02223560537504147,3.8060559318868856,1,3,5400.0,12700.0,1,0.422582190109242
cloud9-vs-vitality-m1-inferno,1,6339,70.53125,1,0.02225913957931307,3.804998094575688,4,5,3750.0,4400.0,1,0.2533571354550215
3dmax-vs-legacy-m1-inferno,30,258241,33.5625,0,0.9777342711172026,3.804702112839553,5,2,30750.0,10500.0,0,0.8489497511792401
pgl-cluj-napoca-2025-saw-vs-astralis__saw-vs-astralis-m2-inferno,1,5378,55.03125,1,0.022311703938495835,3.8026394159626857,3,4,2200.0,4500.0,1,0.2403810089690507
cloud9-vs-vitality-m1-inferno,1,6403,71.53125,1,0.022328464198231368,3.8018885144256855,4,5,3750.0,4400.0,1,0.22070003704017066
3dmax-vs-legacy-m1-inferno,30,258113,31.5625,0,0.9776292877240362,3.799998193188777,5,2,30750.0,10500.0,0,0.8024003052787354
rare-atom-vs-mibr-m1-inferno,11,93434,103.6875,0,0.9776190770667764,3.799541869670903,2,0,12550.0,0.0,1,1.0
pgl-cluj-napoca-2025-saw-vs-astralis__saw-vs-astralis-m2-inferno,1,5570,58.03125,1,0.022474677531982408,3.795361597139187,3,4,2200.0,4500.0,1,0.2524742507946623
liquid-vs-the-mongolz-inferno,18,146755,40.484375,0,0.9775249717650633,3.795345992970575,5,4,30650.0,1500.0,0,0.5473415910581035
cloud9-vs-vitality-m1-inferno,1,6851,78.53125,1,0.022515254645752956,3.793557773820213,4,5,3750.0,4400.0,1,0.14727489521230153
liquid-vs-the-mongolz-inferno,18,146371,34.484375,0,0.9774626137953382,3.792575302558853,5,4,30650.0,1500.0,0,0.5610687950264953
cloud9-vs-vitality-m1-inferno,1,7363,86.53125,1,0.02254189283583299,3.7923753609764703,4,5,3750.0,4400.0,1,0.17586716443390568
virtus-pro-vs-saw-m2-inferno,1,6273,78.265625,1,0.022579377599036374,3.790713856089086,3,5,3000.0,4250.0,0,0.3168514285832536
nrg-vs-aurora-m1-inferno,13,115585,75.90625,0,0.9774006214711572,3.7898284469151156,5,2,4000.0,1750.0,0,0.8520144166000189
astralis-vs-pain-m3-inferno,15,127361,31.109375,0,0.977380974913285,3.788959487790437,3,1,15750.0,700.0,0,0.6709465640865324
cloud9-vs-vitality-m1-inferno,1,7235,84.53125,1,0.022703388364517647,3.7852366938554693,4,5,3750.0,4400.0,1,0.16881438676381122
liquid-vs-the-mongolz-inferno,18,146563,37.484375,0,0.977213166702673,3.7815680083013175,5,4,30650.0,1500.0,0,0.5498611225817066
g2-vs-furia-m2-inferno,15,155137,91.640625,1,0.022853819299133403,3.7786326534122963,3,5,9300.0,21950.0,0,0.27641764943908465
big-vs-faze-m1-inferno,2,10746,15.65625,1,0.022915035347943348,3.7759576545168545,2,5,4900.0,20800.0,0,0.6120512044000826
3dmax-vs-legacy-m1-inferno,30,257793,26.5625,0,0.9769586735802119,3.770461534489748,5,2,30750.0,10500.0,0,0.7377071243447908
pain-vs-liquid-m2-inferno,19,175425,31.171875,0,0.9768922330245462,3.7675821577244077,4,2,23950.0,3200.0,0,0.6990234345825764
liquid-vs-the-mongolz-inferno,18,146499,36.484375,0,0.976845826186379,3.765575901509651,5,4,30650.0,1500.0,0,0.5517935187792515
cloud9-vs-vitality-m1-inferno,1,6595,74.53125,1,0.02315716137958401,3.7654468811282387,4,5,3750.0,4400.0,1,0.1882274970122889
mouz-vs-gamerlegion-m1-inferno,1,7745,101.28125,1,0.0232256242613144,3.762494810212407,1,1,400.0,300.0,1,0.3632778753132279
3dmax-vs-legacy-m1-inferno,30,258049,30.5625,0,0.9767585376336642,3.7618131217909725,5,2,30750.0,10500.0,0,0.7913367991747973
big-vs-faze-m1-inferno,2,10810,16.65625,1,0.023261111536916505,3.760968046536283,2,5,4900.0,20800.0,0,0.6117072685126363
liquid-vs-the-mongolz-inferno,18,146435,35.484375,0,0.9767209212956915,3.7601959357657706,5,4,30650.0,1500.0,0,0.5487539576792658
pgl-cluj-napoca-2025-saw-vs-astralis__saw-vs-astralis-m2-inferno,1,5186,52.03125,1,0.02330765106332477,3.7589693100687627,3,4,2200.0,4500.0,1,0.2613706654741376
cloud9-vs-vitality-m1-inferno,1,7299,85.53125,1,0.023311129359677246,3.7588200877422606,4,5,3750.0,4400.0,1,0.1742197392432076
cloud9-vs-vitality-m1-inferno,1,6467,72.53125,1,0.023348201372302025,3.757231043881598,4,5,3750.0,4400.0,1,0.2205935783841025
g2-vs-furia-m2-inferno,15,155009,89.640625,1,0.023349529355281663,3.75717416842869,3,5,9300.0,21950.0,0,0.283930976152356
3dmax-vs-legacy-m1-inferno,30,257729,25.5625,0,0.9765735922918803,3.753887089722058,5,2,30750.0,10500.0,0,0.7365576618607104
g2-vs-liquid-m3-inferno,8,61761,57.015625,0,0.9764487682694547,3.748572911050808,5,2,30100.0,9000.0,0,0.6046082306833843
natus-vincere-vs-faze-m1-inferno,19,181599,99.515625,0,0.9764040204257655,3.746674700485809,4,1,19250.0,4600.0,0,0.7325649737123172
pgl-cluj-napoca-2025-saw-vs-astralis__saw-vs-astralis-m2-inferno,1,5634,59.03125,1,0.023624858666700395,3.7454515551615164,3,4,2200.0,4500.0,1,0.24493183759975828
mouz-vs-virtus-pro-m2-inferno,19,165315,37.90625,0,0.9762080140117664,3.7384022751050305,5,2,25800.0,10400.0,0,0.6251985169233496
perfect-world-shanghai-major-2024-opening-stage-wildcard-vs-virtuspro__wildcard-vs-virtus-pro-m2-inferno,7,57530,47.25,1,0.023792280061509297,3.738389915051421,1,3,5050.0,15950.0,1,0.24132909328113866
pgl-cluj-napoca-2025-saw-vs-astralis__saw-vs-astralis-m2-inferno,1,5762,61.03125,1,0.02394194946741625,3.732118974019589,3,4,2200.0,4500.0,1,0.24260479420436554
pgl-cluj-napoca-2025-saw-vs-astralis__saw-vs-astralis-m2-inferno,1,5314,54.03125,1,0.024043167128444735,3.7279002747037664,3,4,2200.0,4500.0,1,0.25274594438744374
cloud9-vs-vitality-m1-inferno,1,6915,79.53125,1,0.02419702780354831,3.7215213386670025,4,5,3750.0,4400.0,1,0.14685972414071713
gamerlegion-vs-passion-ua-m1-inferno,14,110011,56.546875,0,0.9757861658214939,3.7208270190241417,5,4,20200.0,800.0,0,0.868423400174467
cloud9-vs-vitality-m1-inferno,1,6659,75.53125,1,0.024343861834368718,3.715471434152058,4,5,3750.0,4400.0,1,0.17186434201818965
g2-vs-furia-m2-inferno,15,154945,88.640625,1,0.024388328846004944,3.7136464867872108,3,5,9300.0,21950.0,0,0.2852522780055379
g2-vs-furia-m2-inferno,15,154497,81.640625,1,0.024428160460819193,3.712014601289882,3,5,9300.0,23150.0,0,0.31961030734253065
pgl-cluj-napoca-2025-saw-vs-astralis__saw-vs-astralis-m2-inferno,1,5698,60.03125,1,0.024457006710252152,3.710834442299563,3,4,2200.0,4500.0,1,0.24730778786515464
natus-vincere-vs-saw-m1-inferno,1,4481,50.109375,1,0.024461312228860246,3.7106584141322108,4,4,3500.0,4250.0,1,0.6239199307389602
g2-vs-furia-m2-inferno,15,155073,90.640625,1,0.024536196410094042,3.7076017716230867,3,5,9300.0,21950.0,0,0.2981964087481416
g2-vs-furia-m2-inferno,15,154561,82.640625,1,0.024592931029056662,3.705292167680199,3,5,9300.0,23150.0,0,0.3148715616439785
cloud9-vs-vitality-m1-inferno,1,6787,77.53125,1,0.024638948094293324,3.7034227735998706,4,5,3750.0,4400.0,1,0.15751424277465764
3dmax-vs-legacy-m1-inferno,6,34497,47.859375,1,0.024686714772591767,3.7014859927529185,2,4,10600.0,16900.0,1,0.5633759845447681
b8-vs-flyquest-m3-inferno,24,213249,127.90625,1,0.024709273998505716,3.700572593235927,1,3,5800.0,16650.0,1,0.3589625605201446
g2-vs-furia-m2-inferno,15,154625,83.640625,1,0.024730161670038615,3.699727616427613,3,5,9300.0,23150.0,0,0.30305070179269605
pain-vs-themongolz-m3-inferno,24,224507,111.671875,1,0.02478837188481915,3.697376577238432,3,4,18000.0,20200.0,1,0.3937059449706927
natus-vincere-vs-faze-m1-inferno,19,181663,100.515625,0,0.9751483707967743,3.6948279432175823,4,1,19250.0,4600.0,0,0.782040669443303
natus-vincere-vs-mibr-inferno,18,175675,66.0,1,0.024851723979583892,3.694824129552276,3,5,15700.0,23800.0,0,0.27907106232245804
rare-atom-vs-mibr-m1-inferno,11,93626,106.6875,0,0.97499717420401,3.688762429122028,2,0,12550.0,0.0,1,1.0
natus-vincere-vs-tyloo-m1-inferno,18,189185,98.6875,0,0.9749755805626124,3.6878991572664317,4,1,22350.0,4100.0,0,0.7585669167914506
mouz-vs-gamerlegion-m1-inferno,18,153025,44.1875,1,0.025083738989998588,3.6855315051547417,3,3,16500.0,13900.0,1,0.670860396274463
3dmax-vs-faze-m2-inferno,4,34568,107.734375,1,0.025208581083158984,3.680566856359986,2,4,10200.0,17800.0,0,0.185268108609376
g2-vs-liquid-m3-inferno,8,61697,56.015625,0,0.9747547897374315,3.679114872686628,5,2,30100.0,9000.0,0,0.5971837140687392
3dmax-vs-faze-m2-inferno,4,34504,106.734375,1,0.02530931340468917,3.676578881118448,2,4,10200.0,17800.0,0,0.18915664831523166
pgl-cluj-napoca-2025-saw-vs-astralis__saw-vs-astralis-m2-inferno,1,6146,67.03125,1,0.025349655198694157,3.674986205847819,3,4,2200.0,4500.0,1,0.2674797880604467
b8-vs-flyquest-m3-inferno,24,212353,113.90625,1,0.025495754322787674,3.669239415611552,2,3,11900.0,16650.0,1,0.5215745291956725
cloud9-vs-vitality-m1-inferno,1,7043,81.53125,1,0.025511712229048876,3.668613709404599,4,5,3750.0,4400.0,1,0.15625502661450522
cloud9-vs-vitality-m1-inferno,1,6723,76.53125,1,0.02551804014246252,3.668365701591462,4,5,3750.0,4400.0,1,0.16559322582891572
natus-vincere-vs-vitality-m1-inferno,19,182106,98.203125,0,0.9742841070720699,3.660642187709342,5,2,23400.0,10950.0,0,0.5197330787203883
g2-vs-the-mongolz-inferno,5,39738,69.875,0,0.9742328870429211,3.658652410842592,5,2,23200.0,11950.0,0,0.5545617341002911
cloud9-vs-vitality-m1-inferno,18,159875,71.6875,0,0.9741983196793966,3.6573117847607293,5,5,30550.0,2750.0,0,0.6237904919949862
g2-vs-furia-m2-inferno,15,154817,86.640625,1,0.025825944590153548,3.6563718159985874,3,5,9300.0,21950.0,0,0.28961179921291225
rare-atom-vs-mibr-m1-inferno,11,93690,107.6875,0,0.9740709074808578,3.652385820713124,2,0,12550.0,0.0,1,1.0
virtus-pro-vs-b8-inferno,12,100630,61.078125,1,0.026060444536605862,3.6473328120085093,2,5,11800.0,25650.0,0,0.4165834554052119
b8-vs-flyquest-m3-inferno,24,213377,129.90625,1,0.02613062795772146,3.644643340759163,1,3,5800.0,16650.0,1,0.26923468926000477
natus-vincere-vs-tyloo-m1-inferno,18,189249,99.6875,0,0.9738420741500571,3.6435992196924474,4,1,22350.0,4100.0,0,0.7799430268794587
mouz-vs-furia-m2-inferno,8,69250,80.9375,0,0.9738333098513489,3.643264223816287,2,0,9650.0,0.0,1,1.0
cloud9-vs-vitality-m1-inferno,18,160131,75.6875,0,0.9738130906647672,3.6424918180774006,4,3,24850.0,1750.0,0,0.6056268822118505
natus-vincere-vs-tyloo-m1-inferno,18,189313,100.6875,0,0.9737790334988966,3.641192126374502,4,1,22350.0,4100.0,0,0.796031581946578
g2-vs-furia-m2-inferno,15,154881,87.640625,1,0.026240827504628493,3.640434968555767,3,5,9300.0,21950.0,0,0.29361629953025853
g2-vs-the-mongolz-inferno,5,39802,70.875,0,0.9736932707946389,3.6379267079026105,5,2,23200.0,11950.0,0,0.5666199763908265
rare-atom-vs-mibr-m1-inferno,11,93498,104.6875,0,0.9736574615071903,3.636566417113896,2,0,12550.0,0.0,1,1.0
3dmax-vs-faze-m2-inferno,4,34632,108.734375,1,0.026453077405438934,3.632378999142655,2,4,10200.0,17800.0,0,0.18366073728379997
mouz-vs-furia-m2-inferno,8,69314,81.9375,0,0.9735046991163927,3.6307841126137643,2,0,9650.0,0.0,1,1.0
b8-vs-flyquest-m3-inferno,24,211905,106.90625,1,0.026511059652762497,3.630189515663499,2,3,11900.0,16650.0,1,0.5905292307529916
g2-vs-liquid-m3-inferno,8,61633,55.015625,0,0.9734774165144874,3.6297549315470343,5,2,30100.0,9000.0,0,0.6030562778032603
virtus-pro-vs-saw-m2-inferno,5,43329,92.46875,1,0.02658208842919895,3.6275138954068504,3,4,4300.0,18900.0,0,0.6684152282122888
virtus-pro-vs-vitality-m2-inferno,3,23169,127.109375,0,0.9733221839789241,3.6239191711400482,2,0,6200.0,0.0,1,1.0
cloud9-vs-vitality-m1-inferno,1,6979,80.53125,1,0.026749564138598515,3.621233361285354,4,5,3750.0,4400.0,1,0.14994989997587851
virtus-pro-vs-vitality-m2-inferno,3,23105,126.109375,0,0.9732372650780226,3.6207411105448317,2,0,6200.0,0.0,1,1.0
g2-vs-liquid-m3-inferno,8,61569,54.015625,0,0.9732112203759974,3.6197684169793893,5,2,30100.0,9000.0,0,0.6091695291541274
virtus-pro-vs-vitality-m2-inferno,3,23041,125.109375,0,0.9731520833255091,3.6175633276274013,2,0,6200.0,0.0,1,1.0
faze-vs-ninjas-in-pyjamas-m2-inferno,15,145859,75.9375,1,0.026909348210126468,3.615277819465576,4,5,2650.0,22250.0,0,0.396319799110855
perfect-world-shanghai-major-2024-opening-stage-wildcard-vs-virtuspro__wildcard-vs-virtus-pro-m2-inferno,7,57594,48.25,1,0.026925552042185295,3.6146758392529557,1,3,5050.0,15950.0,1,0.1338220531836899
g2-vs-furia-m2-inferno,15,154433,80.640625,1,0.02695743839613377,3.6134923028880457,3,5,9300.0,23150.0,0,0.32974159305943646
mouz-vs-furia-m2-inferno,8,69378,82.9375,0,0.9730170081692321,3.6125448376308458,2,0,9650.0,0.0,1,1.0
faze-vs-ninjas-in-pyjamas-m2-inferno,15,147075,94.9375,1,0.02703585204898271,3.610587741344407,4,5,2650.0,22250.0,0,0.4399958417958498
3dmax-vs-faze-m2-inferno,4,34440,105.734375,1,0.027036452377597116,3.6105655367648044,2,4,10200.0,17800.0,0,0.1994545643662596
pgl-cluj-napoca-2025-saw-vs-astralis__saw-vs-astralis-m2-inferno,1,5122,51.03125,1,0.02706525956597834,3.6095006135460577,3,4,2200.0,4500.0,1,0.27510579554746045
faze-vs-ninjas-in-pyjamas-m2-inferno,15,145923,76.9375,1,0.027139224305415953,3.6067715215170297,4,5,2650.0,22250.0,0,0.39626586557394766
natus-vincere-vs-saw-m1-inferno,1,4545,51.109375,1,0.027150756993198452,3.606346667973346,4,4,3500.0,4250.0,1,0.6722076479203154
faze-vs-ninjas-in-pyjamas-m2-inferno,15,146179,80.9375,1,0.02726082718774278,3.6023008405356496,4,5,2650.0,22250.0,0,0.40649950816430974
3dmax-vs-faze-m2-inferno,4,34760,110.734375,1,0.027406255369076506,3.5969803447073243,1,3,5400.0,13400.0,0,0.16592260091600472
g2-vs-the-mongolz-inferno,5,39866,71.875,0,0.9725933864653228,3.5969672760867244,5,2,23200.0,12150.0,0,0.5686552540403401
natus-vincere-vs-vitality-m1-inferno,19,182170,99.203125,0,0.9725869928706613,3.5967340175822993,5,2,23400.0,10950.0,0,0.4953880585214502
b8-vs-flyquest-m3-inferno,24,212289,112.90625,1,0.027453821745477697,3.595246252543644,2,3,11900.0,16650.0,1,0.5505836900738963
virtus-pro-vs-vitality-m2-inferno,3,23233,128.109375,0,0.9725309612000449,3.5946921299322803,2,0,6200.0,0.0,1,1.0
faze-vs-ninjas-in-pyjamas-m2-inferno,15,146115,79.9375,1,0.02748764943964737,3.594014848484956,4,5,2650.0,22250.0,0,0.40771681716393987
faze-vs-ninjas-in-pyjamas-m2-inferno,15,146051,78.9375,1,0.027519585657521065,3.592853688310679,4,5,2650.0,22250.0,0,0.39433230501200695
mouz-vs-virtus-pro-m2-inferno,19,165251,36.90625,0,0.9724280063819843,3.5909511185627965,5,2,24150.0,10400.0,0,0.617811164520545
natus-vincere-vs-mibr-inferno,16,157179,118.078125,0,0.9723334453221971,3.5875273931861686,2,0,8950.0,0.0,1,1.0
faze-vs-ninjas-in-pyjamas-m2-inferno,15,145987,77.9375,1,0.02767840773402429,3.58709906102899,4,5,2650.0,22250.0,0,0.4031282951640062
rare-atom-vs-mibr-m1-inferno,11,93754,108.6875,0,0.972312390290675,3.5867666570537717,2,0,12550.0,0.0,1,1.0
virtus-pro-vs-b8-inferno,12,100566,60.078125,1,0.02776461332356591,3.5839893694430445,2,5,11800.0,25650.0,0,0.4275152454094147
natus-vincere-vs-tyloo-m1-inferno,18,189377,101.6875,0,0.9722351425970182,3.583980578488128,4,1,22350.0,4100.0,0,0.8171687069817797
cloud9-vs-vitality-m1-inferno,1,7107,82.53125,1,0.027801165376174632,3.582673742192835,4,5,3750.0,4400.0,1,0.15389920845613503
pgl-cluj-napoca-2025-saw-vs-astralis__saw-vs-astralis-m2-inferno,1,6210,68.03125,1,0.02784563081183292,3.581075616573554,3,4,2200.0,4500.0,1,0.2758831412361718
faze-vs-ninjas-in-pyjamas-m2-inferno,15,145795,74.9375,1,0.02789750445083139,3.5792144558185375,4,5,2650.0,22250.0,0,0.4139639718168249
b8-vs-flyquest-m3-inferno,29,259329,93.421875,1,0.027916235799344494,3.578543248979085,1,2,5450.0,11550.0,1,0.45049806414729926
faze-vs-ninjas-in-pyjamas-m2-inferno,15,146499,85.9375,1,0.02807594872950973,3.572838424486827,4,5,2650.0,22250.0,0,0.38143727174622416
virtus-pro-vs-b8-inferno,12,100502,59.078125,1,0.028150122790215067,3.570200010032905,2,5,11800.0,25650.0,0,0.4396595625640509
faze-vs-ninjas-in-pyjamas-m2-inferno,15,146243,81.9375,1,0.028159005742179628,3.5698845045111818,4,5,2650.0,22250.0,0,0.401187233865047
vitality-vs-falcons-m3-inferno,23,197505,73.625,1,0.028195270032236385,3.568597497771644,2,4,11600.0,9450.0,1,0.031473368392442976
b8-vs-flyquest-m3-inferno,24,212865,121.90625,1,0.028287595338669848,3.5653283625697054,2,3,11900.0,16650.0,1,0.4761418989393477
mibr-vs-liquid-m1-inferno,5,38125,40.375,1,0.02829646830759191,3.565014742901514,2,4,9150.0,16800.0,0,0.25443733303423455
natus-vincere-vs-vitality-m1-inferno,8,69082,52.625,1,0.028360699417682156,3.562747389503849,3,5,15850.0,23900.0,0,0.3763871441986907
faze-vs-ninjas-in-pyjamas-m2-inferno,15,146435,84.9375,1,0.028480981266555207,3.5585152273389893,4,5,2650.0,22250.0,0,0.3831450919491214
cloud9-vs-vitality-m1-inferno,18,160195,76.6875,0,0.9714675128779577,3.5567084371094007,4,3,24850.0,1750.0,0,0.6344771541559937
g2-vs-furia-m2-inferno,15,154689,84.640625,1,0.028535322669546247,3.5566090627833407,3,5,9300.0,21950.0,0,0.3071023519890338
virtus-pro-vs-b8-inferno,12,100438,58.078125,1,0.0286031499174391,3.554234934135233,2,5,11800.0,25650.0,0,0.4508160054012234
virtus-pro-vs-vitality-m2-inferno,3,22977,124.109375,0,0.9712958716223147,3.5507108368356564,2,0,6200.0,0.0,1,1.0
faze-vs-ninjas-in-pyjamas-m2-inferno,15,147011,93.9375,1,0.028745559661470965,3.5492684914323003,4,5,2650.0,22250.0,0,0.4520911029214729
b8-vs-flyquest-m3-inferno,24,212929,122.90625,1,0.02880764545146198,3.54711098871105,2,3,11900.0,16650.0,1,0.47373033307523127
natus-vincere-vs-vitality-m1-inferno,15,145498,95.734375,1,0.028835944641094444,3.54612912433813,5,5,7050.0,20700.0,1,0.3984906024496781
mibr-vs-liquid-m1-inferno,5,37997,38.375,1,0.028951111178154104,3.5421432389417564,3,5,13950.0,21400.0,0,0.35778034396274644
mibr-vs-liquid-m1-inferno,5,38253,42.375,1,0.02904018029345114,3.5390714370937766,2,4,9150.0,16800.0,0,0.3165721987051805
pgl-cluj-napoca-2025-saw-vs-astralis__saw-vs-astralis-m2-inferno,1,4930,48.03125,1,0.029045136785248078,3.5389007752125283,3,4,2200.0,4500.0,1,0.35827378020671313
b8-vs-flyquest-m3-inferno,24,212801,120.90625,1,0.029189493674399918,3.533943014240408,2,3,11900.0,16650.0,1,0.4909337668744102
natus-vincere-vs-vitality-m1-inferno,15,145562,96.734375,1,0.029305859323010608,3.5299643937761864,5,5,7050.0,20700.0,1,0.39104383605097104
3dmax-vs-faze-m2-inferno,4,34824,111.734375,1,0.02930772088042918,3.5299008743303246,1,3,5400.0,11800.0,0,0.14726320808245005
g2-vs-furia-m2-inferno,15,154753,85.640625,1,0.029321497521598728,3.529430917718146,3,5,9300.0,21950.0,0,0.3007379994517096
faze-vs-ninjas-in-pyjamas-m2-inferno,15,146371,83.9375,1,0.02933285830442798,3.529043538330089,4,5,2650.0,22250.0,0,0.3879379986405201
3dmax-vs-faze-m2-inferno,4,34376,104.734375,1,0.029333618687382493,3.529017616188473,2,4,10200.0,17800.0,0,0.2414192867998871
pgl-cluj-napoca-2025-saw-vs-astralis__saw-vs-astralis-m2-inferno,1,6274,69.03125,1,0.029371774405198846,3.5277177154063124,3,4,2200.0,4500.0,1,0.2808491657383829
3dmax-vs-pain-m1-inferno,12,103163,48.140625,1,0.029399228756550547,3.526783436307987,2,2,13450.0,9700.0,1,0.7123077455748236
mouz-vs-furia-m2-inferno,8,69122,78.9375,0,0.9705675004947847,3.525652392223776,2,0,9650.0,0.0,1,1.0
virtus-pro-vs-pain-m2-inferno,10,87972,73.265625,0,0.97054649605374,3.524939001286532,5,3,25850.0,6800.0,0,0.686620795750388
g2-vs-furia-m2-inferno,15,154369,79.640625,1,0.029509758224163567,3.5230308943708,3,5,9300.0,23150.0,0,0.34592965998769654
iem-dallas-2024-g2-vs-vitality__g2-vs-vitality-m1-inferno,16,140737,80.96875,1,0.029567664431994684,3.521070550546122,4,5,7950.0,22900.0,0,0.6146144551884213
g2-vs-the-mongolz-inferno,5,39930,72.875,0,0.9704095108177123,3.520298901234365,5,2,23200.0,12150.0,0,0.5569805364498378
b8-vs-flyquest-m3-inferno,24,212481,115.90625,1,0.029635708319131798,3.5187719082873596,2,3,11900.0,16650.0,1,0.5640649560982754
aurora-vs-sinners-inferno,12,107485,94.734375,1,0.029721471166976026,3.5158821948846946,3,5,18500.0,25650.0,0,0.277561882234751
virtus-pro-vs-pain-m2-inferno,10,87908,72.265625,0,0.970263731467028,3.515384452568829,5,3,25850.0,6800.0,0,0.6849456972396208
perfect-world-shanghai-major-2024-furia-vs-pain__furia-vs-pain-m3-inferno,15,145594,112.75,1,0.029823082212720002,3.5124692612975,2,4,4550.0,17700.0,1,0.7842127606674784
eternal-fire-vs-natus-vincere-m2-inferno,2,16927,99.21875,1,0.02989369906299069,3.510104209291246,1,2,4300.0,7550.0,1,0.3957472009046293
rare-atom-vs-mibr-m1-inferno,11,93562,105.6875,0,0.9699359571401548,3.5044220844647733,2,0,12550.0,0.0,1,1.0
faze-vs-ninjas-in-pyjamas-m2-inferno,15,146563,86.9375,1,0.030127759524820844,3.5023049696903703,4,5,2650.0,22250.0,0,0.4006538475108699
faze-vs-ninjas-in-pyjamas-m2-inferno,15,146307,82.9375,1,0.030137500837443015,3.5019816895677778,4,5,2650.0,22250.0,0,0.39640153040255977
natus-vincere-vs-mibr-inferno,16,157051,116.078125,0,0.9698116613191283,3.5002962530342625,2,0,8950.0,0.0,1,1.0
b8-vs-flyquest-m3-inferno,24,212609,117.90625,1,0.030251017682092676,3.4982221470195003,2,3,11900.0,16650.0,1,0.5673200617107528
3dmax-vs-mibr-m1-inferno,6,39553,23.234375,0,0.9697404439952508,3.4979399386723604,5,4,28900.0,2400.0,0,0.783045748471591
3dmax-vs-faze-m2-inferno,4,34888,112.734375,1,0.030296235749292334,3.4967285061463116,1,3,5400.0,11800.0,0,0.13814263550698194
faze-vs-ninjas-in-pyjamas-m2-inferno,15,145731,73.9375,1,0.030335853591247408,3.4954216827350826,4,5,2650.0,22250.0,0,0.41076133518127556
virtus-pro-vs-vitality-m2-inferno,3,22913,123.109375,0,0.969647006424012,3.4948568366550625,2,0,6200.0,0.0,1,1.0
pain-vs-themongolz-m3-inferno,24,224571,112.671875,1,0.030400189459598225,3.493303148917982,3,4,18000.0,20200.0,1,0.4058487349131557
virtus-pro-vs-b8-inferno,12,100374,57.078125,1,0.030414554468527488,3.492830731835319,2,5,11800.0,25650.0,0,0.45406737216123866
rare-atom-vs-fnatic-m2-inferno,4,23482,57.421875,1,0.030431478055901094,3.492274457860485,3,5,18700.0,23600.0,0,0.3009012510429131
vitality-vs-natus-vincere-m4-inferno,13,118657,82.65625,1,0.030454870502035165,3.491506063269592,3,4,2550.0,3900.0,1,0.49279042884679986
mibr-vs-liquid-m1-inferno,5,38189,41.375,1,0.030549767566334464,3.4883949283547975,2,4,9150.0,16800.0,0,0.3269808935481286
mouz-vs-furia-m2-inferno,8,69186,79.9375,0,0.9694331183660351,3.4878348841672544,2,0,9650.0,0.0,1,1.0
starladder-budapest-major-2025-faze-vs-natus-vincere__faze-vs-natus-vincere-m3-inferno,20,180238,0.953125,0,0.9694150753322586,3.4872447797572352,5,5,30350.0,1900.0,0,0.6772677699948373
b8-vs-flyquest-m3-inferno,24,212225,111.90625,1,0.030610661318887556,3.486403654759866,2,3,11900.0,16650.0,1,0.561583756439635
eternal-fire-vs-virtus-pro-m3-inferno,19,200576,103.9375,1,0.030614010133671665,3.486294260825408,2,4,6200.0,18900.0,0,0.23061553640349947
b8-vs-flyquest-m3-inferno,24,212417,114.90625,1,0.030823652974843206,3.4794696857429757,2,3,11900.0,16650.0,1,0.5687790195113008
pgl-cluj-napoca-2025-saw-vs-astralis__saw-vs-astralis-m2-inferno,1,4994,49.03125,1,0.030837197824169802,3.4790303533161375,3,4,2200.0,4500.0,1,0.3269120537066318
natus-vincere-vs-vitality-m1-inferno,15,145626,97.734375,1,0.030958977400006298,3.4750890304460307,5,5,7050.0,20700.0,1,0.375882535536299
faze-vs-ninjas-in-pyjamas-m2-inferno,18,172291,17.28125,1,0.03099943836899702,3.4737829659305444,5,5,2750.0,28150.0,0,0.6106526156819605
faze-vs-ninjas-in-pyjamas-m2-inferno,15,146819,90.9375,1,0.031035171025205064,3.472630946265815,4,5,2650.0,22250.0,0,0.4565291550842352
iem-dallas-2024-g2-vs-vitality__g2-vs-vitality-m1-inferno,16,140801,81.96875,1,0.031187334527460503,3.467740004792507,4,5,7950.0,22900.0,0,0.6245657091761455
furia-vs-natus-vincere-m2-inferno,21,180869,95.625,1,0.031188312243388392,3.4677086556091745,1,3,5400.0,12700.0,0,0.369603542950504
b8-vs-flyquest-m3-inferno,24,212545,116.90625,1,0.031361422065821945,3.462173549415548,2,3,11900.0,16650.0,1,0.5732684850943284
eternal-fire-vs-gamerlegion-m2-inferno,3,22784,50.109375,1,0.03136524927472588,3.462051521683991,3,4,2600.0,17750.0,0,0.3779628008892784
faze-vs-ninjas-in-pyjamas-m1-inferno,24,192032,117.53125,1,0.031432543856739645,3.459908312819599,3,4,14050.0,18100.0,1,0.21116218358596023
complexity-vs-virtus-pro-m2-inferno,10,68931,36.703125,0,0.9684713981355983,3.4568569777157525,4,2,24050.0,3800.0,0,0.7821928493835066
virtus-pro-vs-b8-inferno,12,100310,56.078125,1,0.03154601760815269,3.4563047527759347,2,5,11800.0,25650.0,0,0.45412260546319994
faze-vs-ninjas-in-pyjamas-m2-inferno,15,145667,72.9375,1,0.031581948130800626,3.4551664169441465,4,5,2650.0,22250.0,0,0.4025472826040472
g2-vs-the-mongolz-m1-inferno,1,5249,62.328125,0,0.9683450911095388,3.452858884131208,5,2,4500.0,1700.0,0,0.5385891345304068
mibr-vs-liquid-m1-inferno,5,38317,43.375,1,0.031789825303236915,3.4486058537558977,2,4,9150.0,16800.0,0,0.3172104102315899
pgl-cluj-napoca-2025-saw-vs-astralis__saw-vs-astralis-m2-inferno,1,5058,50.03125,1,0.031832037634092133,3.4472788821017106,3,4,2200.0,4500.0,1,0.30122714034439796
faze-vs-ninjas-in-pyjamas-m2-inferno,15,146947,92.9375,1,0.031982197243593,3.4425727403978694,4,5,2650.0,22250.0,0,0.4433319339419343
g2-vs-furia-m2-inferno,15,154305,78.640625,1,0.032067140967913244,3.4399203005366767,3,5,9300.0,23150.0,0,0.3646762568190682
faze-vs-ninjas-in-pyjamas-m2-inferno,15,146627,87.9375,1,0.03214074530509652,3.437627618300006,4,5,2650.0,22250.0,0,0.4186553759310907
pain-vs-the-mongolz-m1-inferno,13,106498,78.109375,1,0.032215395828085525,3.4353077052920478,1,2,3300.0,11550.0,1,0.507912340229345
faze-vs-ninjas-in-pyjamas-m2-inferno,15,145603,71.9375,1,0.03226159009903403,3.433874817730719,4,5,2650.0,22250.0,0,0.4108751673232896
faze-vs-ninjas-in-pyjamas-m2-inferno,15,146883,91.9375,1,0.03229197678584978,3.4329333795923604,4,5,2650.0,22250.0,0,0.45269384955742376
b8-vs-flyquest-m3-inferno,24,212673,118.90625,1,0.03235397564750431,3.4310152799583005,2,3,11900.0,16650.0,1,0.5822070762902011
g2-vs-furia-m2-inferno,15,154241,77.640625,1,0.03243123981029424,3.4286300456003573,3,5,9300.0,23150.0,0,0.36670326440946815
b8-vs-flyquest-m3-inferno,24,212737,119.90625,1,0.03243395908066307,3.4285462021208777,2,3,11900.0,16650.0,1,0.5606423305807351
iem-katowice-2025-play-in-wildcard-vs-big__wildcard-vs-big-m2-inferno,10,81473,16.8125,0,0.9675628841879872,3.4284488791884256,3,2,18550.0,1500.0,0,0.7658844365171038
pgl-cluj-napoca-2025-saw-vs-astralis__saw-vs-astralis-m2-inferno,1,4866,47.03125,1,0.03244986858642519,3.4280558038933635,3,4,2200.0,4500.0,1,0.3939995363438552
natus-vincere-vs-mibr-inferno,18,175611,65.0,1,0.03253333676961325,3.425486894842404,3,5,15700.0,23800.0,0,0.30339171454650393
liquid-vs-aurora-m1-inferno,15,137025,90.921875,1,0.03255210244232707,3.424910249257878,1,1,2400.0,4400.0,1,0.6343644316877619
3dmax-vs-faze-m2-inferno,4,35016,114.734375,1,0.032629103820146346,3.4225475689152867,1,3,5400.0,11800.0,0,0.0945804686798529
starladder-budapest-major-2025-faze-vs-natus-vincere__faze-vs-natus-vincere-m3-inferno,20,184078,60.953125,0,0.9673603582133515,3.4222246598657926,4,3,22200.0,1600.0,0,0.538133408240647
eternal-fire-vs-virtus-pro-m3-inferno,19,200512,102.9375,1,0.03275194489534265,3.4187898792976963,2,4,6200.0,18900.0,0,0.22227520430855993
g2-vs-furia-m2-inferno,15,154177,76.640625,1,0.0328074763114715,3.4170958051591525,3,5,9300.0,23150.0,0,0.3769919553740288
iem-katowice-2025-play-in-wildcard-vs-big__wildcard-vs-big-m2-inferno,10,81537,17.8125,0,0.9671856942949528,3.4168876616867836,3,2,18550.0,1500.0,0,0.7862780107289807
3dmax-vs-faze-m2-inferno,4,34312,103.734375,1,0.032841366768567797,3.4160633313098208,2,4,10200.0,17800.0,0,0.2619955743884514
natus-vincere-vs-mibr-inferno,16,157243,119.078125,0,0.9671208407763322,3.414913238741757,2,0,8950.0,0.0,1,1.0
the-mongolz-vs-wildcard-m1-inferno,26,224322,77.921875,1,0.03292567578347295,3.4134994694899667,2,3,11500.0,14500.0,1,0.7541968157691471
faze-vs-nemiga-inferno,4,36033,84.609375,1,0.03296254179444278,3.412380425622404,1,2,1250.0,9400.0,0,0.2830071731279021
faze-vs-ninjas-in-pyjamas-m2-inferno,15,146691,88.9375,1,0.0330411560959992,3.409998313618614,4,5,2650.0,22250.0,0,0.4295949403646326
b8-vs-flyquest-m3-inferno,24,213313,128.90625,1,0.03304449734435852,3.40989719520406,1,3,5800.0,16650.0,1,0.31619909680351155
vitality-vs-falcons-m3-inferno,23,197441,72.625,1,0.03310973669014415,3.4079248597775154,2,4,11600.0,9450.0,1,0.03433271428063146
vitality-vs-natus-vincere-m4-inferno,13,118593,81.65625,1,0.03320699040222578,3.404991859529635,3,4,2550.0,3900.0,1,0.4282571691668404
ecstatic-vs-furia-m2-inferno,8,65729,91.96875,0,0.9667741286485952,3.4044234392524735,4,1,23200.0,4500.0,0,0.5542263074798528
vitality-vs-natus-vincere-m4-inferno,13,118721,83.65625,1,0.03324648834779777,3.403803123225908,3,4,2550.0,3900.0,1,0.5016899529354113
3dmax-vs-faze-m2-inferno,4,34952,113.734375,1,0.03327093245132887,3.4030681569316306,1,3,5400.0,11800.0,0,0.1192527440553779
faze-vs-nemiga-inferno,4,35969,83.609375,1,0.03336145194568895,3.4003511814199205,1,2,1250.0,9400.0,0,0.29533509972421107
natus-vincere-vs-vitality-m1-inferno,15,145690,98.734375,1,0.0334340483127779,3.3981774967248795,5,5,7050.0,20700.0,1,0.3799856022618165
starladder-budapest-major-2025-faze-vs-natus-vincere__faze-vs-natus-vincere-m3-inferno,18,165518,100.40625,1,0.03360138316304582,3.393185071229881,4,4,10450.0,19700.0,1,0.6073921827397151
faze-vs-ninjas-in-pyjamas-m2-inferno,15,145539,70.9375,1,0.03366054383658478,3.391425962755801,4,5,2650.0,22250.0,0,0.42781304767736605
perfect-world-shanghai-major-2024-furia-vs-pain__furia-vs-pain-m3-inferno,22,204154,0.578125,0,0.9663054013527818,3.3904147641699294,5,5,29500.0,1000.0,0,0.6501214436581341
iem-katowice-2025-play-in-wildcard-vs-big__wildcard-vs-big-m2-inferno,10,81601,18.8125,0,0.9662820562959308,3.3897221634250276,3,2,18550.0,1500.0,0,0.822441667843213
b8-vs-flyquest-m3-inferno,29,259393,94.421875,1,0.03382992130119208,3.386406666535799,1,2,5450.0,11550.0,1,0.45639365377376784
faze-vs-nemiga-inferno,4,36097,85.609375,1,0.03394079873669494,3.3831345393647485,1,2,1250.0,9400.0,0,0.2684735600410826
starladder-budapest-major-2025-faze-vs-natus-vincere__faze-vs-natus-vincere-m3-inferno,18,166350,113.40625,1,0.034031634192320775,3.380461831076597,2,3,6500.0,14600.0,1,0.5016666217851795
faze-vs-ninjas-in-pyjamas-m2-inferno,15,145475,69.9375,1,0.03407397192068867,3.379218538140562,4,5,2650.0,22250.0,0,0.4514018324613855
virtus-pro-vs-saw-m2-inferno,1,6209,77.265625,1,0.03408689320278832,3.3788393984592493,3,5,3000.0,4250.0,0,0.319080654406257
g2-vs-gamerlegion-m1-inferno,1,7297,94.125,0,0.9658741781925672,3.377698013169824,4,2,3800.0,1700.0,0,0.761226797297682
g2-vs-the-mongolz-m1-inferno,1,5313,63.328125,0,0.9658037697278967,3.3756369426561315,5,2,4500.0,1700.0,0,0.5570892624699099
perfect-world-shanghai-major-2024-furia-vs-pain__furia-vs-pain-m3-inferno,22,204218,1.578125,0,0.9657331137178287,3.373572887371961,5,5,29500.0,1000.0,0,0.6530255984759075
saw-vs-big-m3-inferno,1,7361,95.765625,1,0.034355990800840404,3.3709759601418328,2,4,2100.0,2850.0,1,0.5783098659617935
iem-katowice-2025-play-in-wildcard-vs-big__wildcard-vs-big-m2-inferno,10,81665,19.8125,0,0.965577494316235,3.369041788456109,3,2,18550.0,1500.0,0,0.8423558357656554
natus-vincere-vs-vitality-m1-inferno,19,182234,100.203125,0,0.9654624657900953,3.3657057028218116,5,2,23400.0,10950.0,0,0.48962045964476086
natus-vincere-vs-saw-m1-inferno,1,4609,52.109375,1,0.03459268464103236,3.364110155051542,4,4,3500.0,4250.0,1,0.6746738632013924
natus-vincere-vs-mibr-inferno,16,157115,117.078125,0,0.9653938649055792,3.363721408112373,2,0,8950.0,0.0,1,1.0
eternal-fire-vs-virtus-pro-m3-inferno,19,200448,101.9375,1,0.034763583871439636,3.3591820040094356,2,4,6200.0,18900.0,0,0.2742290482443949
faze-vs-saw-m2-inferno,4,33192,84.203125,1,0.03485031488920872,3.3566902368476526,2,4,7850.0,18800.0,0,0.4033007826338155
starladder-budapest-major-2025-faze-vs-natus-vincere__faze-vs-natus-vincere-m3-inferno,20,184590,68.953125,0,0.9650433602204349,3.3536439882766524,3,1,16500.0,700.0,0,0.6738101372225425
natus-vincere-vs-vitality-m1-inferno,19,182298,101.203125,0,0.9650324004960169,3.353330514915406,5,2,23400.0,10950.0,0,0.4893039965912571
ecstatic-vs-furia-m2-inferno,8,65665,90.96875,0,0.9650215900776233,3.3530214082870895,4,1,23200.0,4500.0,0,0.5642713618176883
mouz-vs-gamerlegion-m1-inferno,1,7809,102.28125,1,0.03497980088589758,3.3529816428463075,1,1,400.0,300.0,1,0.3622706254473028
faze-vs-ninjas-in-pyjamas-m2-inferno,15,145411,68.9375,1,0.035055220940185726,3.350827867032475,4,5,2650.0,22250.0,0,0.4646017110688139
3dmax-vs-g2-m2-inferno,9,76801,65.171875,0,0.9646939364478883,3.3436977254088562,2,0,10000.0,0.0,1,1.0
complexity-vs-virtus-pro-m2-inferno,10,69379,43.703125,0,0.9646239461124275,3.3417173048207505,4,2,24050.0,3800.0,0,0.8569009083799013
natus-vincere-vs-mibr-inferno,18,175547,64.0,1,0.03549108580250827,3.338470900582438,3,5,15700.0,23800.0,0,0.3300571439128605
b8-vs-flyquest-m3-inferno,24,212993,123.90625,1,0.03551551317979881,3.3377828713062483,2,3,11900.0,16650.0,1,0.45864620717093363
perfect-world-shanghai-major-2024-furia-vs-pain__furia-vs-pain-m3-inferno,22,204346,3.578125,0,0.9644512090319944,3.3368463196187856,5,5,29500.0,1000.0,0,0.6719429180390445
faze-vs-saw-m2-inferno,4,33128,83.203125,1,0.03559557663505231,3.3355310913345395,2,4,7850.0,18800.0,0,0.41015090134294496
faze-vs-ninjas-in-pyjamas-m2-inferno,15,146755,89.9375,1,0.03569982736338268,3.332606624837754,4,5,2650.0,22250.0,0,0.45242941577811907
perfect-world-shanghai-major-2024-furia-vs-pain__furia-vs-pain-m3-inferno,22,204666,8.578125,0,0.9642617310324187,3.3315304063419804,5,5,29500.0,1000.0,0,0.6432256721704003
saw-vs-big-m3-inferno,1,6721,85.765625,1,0.035755563558619384,3.331046601169314,2,4,2100.0,3550.0,1,0.41506107681506715
astralis-vs-virtus-pro-m1-inferno,6,53126,76.34375,1,0.03577071339794611,3.3306229863011447,2,4,11050.0,21250.0,0,0.42539138665018233
pain-vs-the-mongolz-m1-inferno,13,106562,79.109375,1,0.03580883108321313,3.329557945090215,1,2,3300.0,11550.0,1,0.5353589992978613
perfect-world-shanghai-major-2024-furia-vs-pain__furia-vs-pain-m3-inferno,22,204282,2.578125,0,0.9641846818200738,3.3293768028725874,5,5,29500.0,1000.0,0,0.6706004883648803
starladder-budapest-major-2025-faze-vs-natus-vincere__faze-vs-natus-vincere-m3-inferno,20,180366,2.953125,0,0.9641782136901207,3.329196222935452,5,5,30350.0,1900.0,0,0.7069626851566905
furia-vs-natus-vincere-m2-inferno,21,180933,96.625,1,0.035834680916700494,3.328836323223131,1,3,5400.0,12700.0,0,0.37829086029431375
the-mongolz-vs-wildcard-m1-inferno,26,224258,76.921875,1,0.035876701306638684,3.3276643955248515,2,3,11500.0,14500.0,1,0.7414198129833796
complexity-vs-virtus-pro-m2-inferno,10,69443,44.703125,0,0.9640783626563699,3.326412669690222,4,2,24050.0,3800.0,0,0.8600389889483728
faze-vs-nemiga-inferno,4,35905,82.609375,1,0.03601131005469794,3.323919444778957,1,2,1250.0,9400.0,0,0.32811521187621856
mibr-vs-liquid-m1-inferno,5,37933,37.375,1,0.036104839368650526,3.321325598386578,3,5,13950.0,21400.0,0,0.4479399137240425
starladder-budapest-major-2025-faze-vs-natus-vincere__faze-vs-natus-vincere-m3-inferno,20,180302,1.953125,0,0.963872093482517,3.320686910615129,5,5,30350.0,1900.0,0,0.7040322952339935
g2-vs-furia-m2-inferno,15,153985,73.640625,1,0.03619283403610767,3.3188913715756385,3,5,9300.0,23150.0,0,0.35753982256841
complexity-vs-virtus-pro-m2-inferno,10,68995,37.703125,0,0.9638012434091298,3.3187277465368186,4,2,24050.0,3800.0,0,0.8083581034992616
starladder-budapest-major-2025-faze-vs-natus-vincere__faze-vs-natus-vincere-m3-inferno,20,184654,69.953125,0,0.9637902822465042,3.3184249882607273,3,1,16000.0,700.0,0,0.8305949760086728
complexity-vs-virtus-pro-m2-inferno,10,69251,41.703125,0,0.9637733110682616,3.3179564080958146,4,2,24050.0,3800.0,0,0.8536646199197423
furia-vs-natus-vincere-m2-inferno,21,180997,97.625,1,0.03628808909337581,3.3162629599839066,1,3,5400.0,12700.0,0,0.38443741145224497
legacy-vs-lynn-vision-m2-inferno,15,127970,33.625,0,0.9637095860168451,3.31619889464018,4,3,19950.0,1900.0,0,0.5629550610675031
mibr-vs-liquid-m1-inferno,5,37613,32.375,1,0.03637034583561761,3.3139987617240965,3,5,13950.0,21400.0,0,0.5479796907194856
perfect-world-shanghai-major-2024-furia-vs-pain__furia-vs-pain-m3-inferno,15,146554,127.75,1,0.03643129897223701,3.312324267045489,1,2,1800.0,8900.0,1,0.13354619531136763
furia-vs-natus-vincere-m2-inferno,21,180805,94.625,1,0.036685211725987314,3.3053788294831308,1,3,5400.0,10300.0,0,0.3688136375614289
astralis-vs-virtus-pro-m1-inferno,6,52806,71.34375,1,0.03673177169695909,3.3041104621870026,3,5,16550.0,25150.0,0,0.43829890468658583
astralis-vs-virtus-pro-m1-inferno,6,52742,70.34375,1,0.036831938704679816,3.3013871955993905,3,5,16550.0,25150.0,0,0.44781164617114216
perfect-world-shanghai-major-2024-furia-vs-pain__furia-vs-pain-m3-inferno,22,204410,4.578125,0,0.9631555120132339,3.3010465371634337,5,5,29500.0,1000.0,0,0.6676676826280691
vitality-vs-the-mongolz-m1-inferno,11,82113,49.640625,0,0.9631097241827801,3.2998045799160947,4,2,24250.0,4200.0,0,0.6686268143419332
astralis-vs-virtus-pro-m1-inferno,6,52934,73.34375,1,0.03690957092725178,3.299281677524493,3,5,16550.0,25150.0,0,0.4416326928250564
saw-vs-big-m3-inferno,1,7425,96.765625,1,0.036956961888444606,3.297998529728763,2,4,2100.0,2850.0,1,0.567046605029437
g2-vs-furia-m2-inferno,15,154049,74.640625,1,0.0369786205787172,3.2974126512766953,3,5,9300.0,23150.0,0,0.375191779384471
astralis-vs-virtus-pro-m1-inferno,6,52870,72.34375,1,0.03702701701836601,3.2961047423841205,3,5,16550.0,25150.0,0,0.441358698085643
furia-vs-natus-vincere-m2-inferno,21,180741,93.625,1,0.0370487058427002,3.295519158725726,1,3,5400.0,10300.0,0,0.3650687921780759
starladder-budapest-major-2025-faze-vs-natus-vincere__faze-vs-natus-vincere-m3-inferno,20,184782,71.953125,0,0.9629320666639104,3.295000315935511,3,1,16000.0,700.0,0,0.8663002486273969
3dmax-vs-g2-m2-inferno,9,76865,66.171875,0,0.962913745594671,3.294506182812167,2,0,10000.0,0.0,1,1.0
faze-vs-nemiga-inferno,4,35841,81.609375,1,0.037086770744678456,3.294492260285583,1,2,1250.0,9400.0,0,0.3362521146874564
furia-vs-natus-vincere-m2-inferno,21,181061,98.625,1,0.03712118795456481,3.2935646746142124,1,3,5400.0,12700.0,0,0.4011204539295632
b8-vs-flyquest-m3-inferno,24,211969,107.90625,1,0.03721777943788537,3.2909660031179806,2,3,11900.0,16650.0,1,0.6390324198185584
furia-vs-natus-vincere-m2-inferno,21,181125,99.625,1,0.03724343983330512,3.290276776490643,1,3,5400.0,12700.0,0,0.4153960585754198
complexity-vs-virtus-pro-m2-inferno,10,69315,42.703125,0,0.9627318250545231,3.2896128518995225,4,2,24050.0,3800.0,0,0.8528439281767973
vitality-vs-natus-vincere-m4-inferno,13,118529,80.65625,1,0.03733984074838932,3.2876917276831743,3,4,2550.0,3900.0,1,0.44062101096684736
starladder-budapest-major-2025-faze-vs-natus-vincere__faze-vs-natus-vincere-m3-inferno,20,184718,70.953125,0,0.9626411267637321,3.2871821489684345,3,1,16000.0,700.0,0,0.8574655197575639
perfect-world-shanghai-major-2024-furia-vs-pain__furia-vs-pain-m3-inferno,22,204922,12.578125,0,0.9626322417161095,3.2869443482351834,5,5,29500.0,1000.0,0,0.6144206156658443
complexity-vs-virtus-pro-m2-inferno,10,69059,38.703125,0,0.9624694602296768,3.2825976190760766,4,2,24050.0,3800.0,0,0.8178434808247452
furia-vs-natus-vincere-m2-inferno,21,180677,92.625,1,0.03756376382553654,3.281712759178474,1,3,5400.0,10300.0,0,0.34572674046760893
perfect-world-shanghai-major-2024-furia-vs-pain__furia-vs-pain-m3-inferno,22,204858,11.578125,0,0.9622719413311736,3.2773485490373546,5,5,29500.0,1000.0,0,0.6127198646229929
perfect-world-shanghai-major-2024-furia-vs-pain__furia-vs-pain-m3-inferno,22,204730,9.578125,0,0.9622577848203978,3.27697339541184,5,5,29500.0,1000.0,0,0.6265279575006624
legacy-vs-mouz-m2-inferno,12,98161,69.6875,1,0.037748500349433695,3.2768068808106596,1,2,4950.0,8200.0,1,0.2358224793966892
complexity-vs-virtus-pro-m2-inferno,10,69187,40.703125,0,0.9622042778111998,3.275556706570648,4,2,24050.0,3800.0,0,0.8409173001927914
the-mongolz-vs-wildcard-m1-inferno,26,224386,78.921875,1,0.03786361459976489,3.273762023915448,2,3,11500.0,14500.0,1,0.778570365313829
pgl-cluj-napoca-2025-saw-vs-astralis__saw-vs-astralis-m2-inferno,2,14530,85.0625,1,0.03803323750681562,3.2692922010499976,2,5,6900.0,14650.0,0,0.3567333615547835
esl-pro-league-season-21-falcons-vs-eternal-fire__falcons-vs-eternal-fire-m1-inferno,9,67841,62.375,0,0.9619512009384508,3.268883129086488,4,2,23150.0,4200.0,0,0.5905001881553835
vitality-vs-falcons-m3-inferno,23,197569,74.625,1,0.03812505738399432,3.2668809159583128,2,4,11600.0,9450.0,1,0.030777647294109048
eternal-fire-vs-natus-vincere-m2-inferno,2,16991,100.21875,1,0.03815843301533614,3.266005876135338,1,2,4300.0,7550.0,1,0.41806676364946144
the-mongolz-vs-wildcard-m1-inferno,26,224194,75.921875,1,0.03821458443813308,3.2645354278607503,2,3,12200.0,14500.0,1,0.6146985196563257
perfect-world-shanghai-major-2024-furia-vs-pain__furia-vs-pain-m3-inferno,15,145722,114.75,1,0.03824167859074158,3.263826680616389,2,3,4550.0,13500.0,1,0.49528788421729963
complexity-vs-virtus-pro-m2-inferno,10,69507,45.703125,0,0.9616812142561422,3.2618124039677463,4,2,24050.0,3800.0,0,0.8522209705516613
saw-vs-big-m3-inferno,1,7553,98.765625,1,0.03835689820074547,3.2608182853983676,2,4,2100.0,2850.0,1,0.4810598193087411
pgl-cluj-napoca-2025-saw-vs-astralis__saw-vs-astralis-m2-inferno,15,126402,18.234375,0,0.9616182386007023,3.2601702903785865,5,4,22700.0,3050.0,0,0.7102915474241642
aurora-vs-sinners-inferno,12,107421,93.734375,1,0.03840121372154481,3.259663608475093,3,5,18500.0,25650.0,0,0.30714354085653617
mouz-vs-g2-m1-inferno,17,162102,61.640625,0,0.9615571774860129,3.2585806698307116,5,3,29000.0,14600.0,0,0.6278122387439006
g2-vs-the-mongolz-inferno,5,39994,73.875,0,0.9615232324479349,3.2576980610702764,5,2,23200.0,12150.0,0,0.5727655070541978
b8-vs-flyquest-m3-inferno,24,212097,109.90625,1,0.03852843779187474,3.25635607092469,2,3,11900.0,16650.0,1,0.6734069399354047
complexity-vs-virtus-pro-m2-inferno,10,69123,39.703125,0,0.9614291124388561,3.2552549027044124,4,2,24050.0,3800.0,0,0.8293647928092838
natus-vincere-vs-mibr-inferno,18,175483,63.0,1,0.0385893682308127,3.2547758835013116,3,5,15700.0,23800.0,0,0.3538331160982888
pgl-cluj-napoca-2025-saw-vs-astralis__saw-vs-astralis-m2-inferno,15,127170,30.234375,0,0.961357412063488,3.253397708482926,4,3,17300.0,2550.0,0,0.8216652467442592
starladder-budapest-major-2025-faze-vs-natus-vincere__faze-vs-natus-vincere-m3-inferno,20,184014,59.953125,0,0.9613385574986982,3.252909906843692,4,3,22200.0,1600.0,0,0.533389060405768
pgl-cluj-napoca-2025-saw-vs-astralis__saw-vs-astralis-m2-inferno,15,126530,20.234375,0,0.9612320114277789,3.2501578302371072,5,4,22700.0,3050.0,0,0.7044148387231516
vitality-vs-eternal-fire-inferno,12,109824,96.453125,1,0.038821450394680504,3.248779763999607,2,1,13650.0,6250.0,1,0.37252547208846437
aurora-vs-sinners-inferno,12,107293,91.734375,1,0.03884456513710084,3.2481845311060114,3,5,18500.0,25650.0,0,0.31401798647684814
the-mongolz-vs-wildcard-m1-inferno,26,223746,68.921875,1,0.03885973868555918,3.247793986210806,3,5,17200.0,27150.0,0,0.4606614483892186
b8-vs-flyquest-m3-inferno,24,213185,126.90625,1,0.03888527524206894,3.2471370568350144,2,3,11900.0,16650.0,1,0.38779714401852633
g2-vs-furia-m2-inferno,15,154113,75.640625,1,0.038954157482166886,3.245367206293135,3,5,9300.0,23150.0,0,0.3767763816965842
legacy-vs-mouz-m2-inferno,12,97905,65.6875,1,0.03898366067367068,3.2446101125509244,1,2,4950.0,8200.0,1,0.17878448033017505
g2-vs-furia-m2-inferno,15,153921,72.640625,1,0.03898784980405403,3.244502659979685,3,5,9300.0,23150.0,0,0.37248075235276196
pgl-cluj-napoca-2025-saw-vs-astralis__saw-vs-astralis-m2-inferno,15,126466,19.234375,0,0.9608983457622969,3.241587947582839,5,4,22700.0,3050.0,0,0.7074348136975159
g2-vs-the-mongolz-inferno,5,40122,75.875,0,0.9608876605354133,3.241314717713826,5,2,23200.0,12150.0,0,0.6183391786584097
pgl-cluj-napoca-2025-saw-vs-astralis__saw-vs-astralis-m2-inferno,15,126338,17.234375,0,0.9607543531665025,3.2379122015551887,5,4,22700.0,3050.0,0,0.7067197671864154
perfect-world-shanghai-major-2024-furia-vs-pain__furia-vs-pain-m3-inferno,22,204794,10.578125,0,0.9607397218426669,3.2375394580525203,5,5,29500.0,1000.0,0,0.6176823584862798
ecstatic-vs-furia-m2-inferno,8,65793,92.96875,0,0.9606178080551154,3.234439006731271,4,1,23200.0,4500.0,0,0.5738941859839279
saw-vs-big-m3-inferno,1,7489,97.765625,1,0.03944425356700958,3.2328643707805633,2,4,2100.0,2850.0,1,0.5007204826475853
cloud9-vs-vitality-m1-inferno,1,6275,69.53125,1,0.03945343930348276,3.2326315195299027,4,5,3750.0,4400.0,1,0.34040319938540525
perfect-world-shanghai-major-2024-furia-vs-pain__furia-vs-pain-m3-inferno,22,204986,13.578125,0,0.9605396649694125,3.2324567538516935,5,5,29500.0,1000.0,0,0.5997686255272816
pgl-cluj-napoca-2025-saw-vs-astralis__saw-vs-astralis-m2-inferno,15,126274,16.234375,0,0.9605333273401166,3.2322961595650113,5,4,22700.0,3050.0,0,0.7099890607695527
